-- MySQL dump 10.13  Distrib 5.6.34-79.1, for debian-linux-gnu (x86_64)
--
-- Host: dev-server    Database: cbt
-- ------------------------------------------------------
-- Server version	5.6.34-79.1

/*!40101 SET @OLD_CHARACTER_SET_CLIENT=@@CHARACTER_SET_CLIENT */;
/*!40101 SET @OLD_CHARACTER_SET_RESULTS=@@CHARACTER_SET_RESULTS */;
/*!40101 SET @OLD_COLLATION_CONNECTION=@@COLLATION_CONNECTION */;
/*!40101 SET NAMES utf8 */;
/*!40103 SET @OLD_TIME_ZONE=@@TIME_ZONE */;
/*!40103 SET TIME_ZONE='+00:00' */;
/*!40014 SET @OLD_UNIQUE_CHECKS=@@UNIQUE_CHECKS, UNIQUE_CHECKS=0 */;
/*!40014 SET @OLD_FOREIGN_KEY_CHECKS=@@FOREIGN_KEY_CHECKS, FOREIGN_KEY_CHECKS=0 */;
/*!40101 SET @OLD_SQL_MODE=@@SQL_MODE, SQL_MODE='NO_AUTO_VALUE_ON_ZERO' */;
/*!40111 SET @OLD_SQL_NOTES=@@SQL_NOTES, SQL_NOTES=0 */;

use airport;

--
-- Table structure for table `trip`
--

DROP TABLE IF EXISTS `trip`;
/*!40101 SET @saved_cs_client     = @@character_set_client */;
/*!40101 SET character_set_client = utf8 */;
CREATE TABLE `trip` (
  `id` int(11) NOT NULL AUTO_INCREMENT,
  `corporate_id` int(11) NOT NULL,
  `number` int(11) NOT NULL,
  `user_id` int(11) NOT NULL,
  `created_at` int(11) NOT NULL COMMENT 'Дата и время создания',
  `updated_at` int(11) NOT NULL COMMENT 'Дата и время последнего обновления',
  `coordination_at` int(11) NOT NULL COMMENT 'Дата и время согласования',
  `saved_at` int(11) NOT NULL COMMENT 'Дата и время сохранения',
  `tag_le_id` int(11) NOT NULL,
  `trip_purpose_id` int(11) NOT NULL,
  `trip_purpose_parent_id` int(11) NOT NULL,
  `trip_purpose_desc` text NOT NULL COMMENT 'Цель командировки',
  `status` tinyint(1) NOT NULL COMMENT 'Статус',
  PRIMARY KEY (`id`),
  UNIQUE KEY `number` (`corporate_id`,`number`),
  KEY `corporate_id_2` (`corporate_id`,`user_id`,`status`),
  KEY `corporate_id_coord` (`corporate_id`,`status`,`coordination_at`) USING BTREE,
  KEY `status` (`status`,`created_at`) USING BTREE,
  KEY `created_at` (`created_at`),
  CONSTRAINT `trip_ibfk_1` FOREIGN KEY (`corporate_id`) REFERENCES `corporation` (`id`) ON DELETE CASCADE
) ENGINE=InnoDB AUTO_INCREMENT=886 DEFAULT CHARSET=utf8;
/*!40101 SET character_set_client = @saved_cs_client */;

--
-- Dumping data for table `trip`
--

LOCK TABLES `trip` WRITE;
/*!40000 ALTER TABLE `trip` DISABLE KEYS */;
INSERT INTO `trip` VALUES (59,3,1,1,0,1461928589,1461928589,1461927293,12,1,0,'',9),(60,3,2,1,0,0,0,0,12,1,0,'',1),(61,3,3,1,0,0,0,0,12,1,0,'',1),(75,3,15,245736,0,0,0,1461750568,12,1,0,'',2),(77,3,17,1,0,0,0,1464857605,12,1,0,'',2),(82,3,21,1,0,0,0,0,12,1,0,'',1),(84,3,23,1,0,0,0,0,12,1,0,'',1),(85,3,24,245736,0,0,0,0,12,1,0,'',1),(87,3,26,245736,0,0,0,0,12,1,0,'',1),(88,3,27,1,0,0,0,1463751173,12,1,0,'',2),(91,3,30,245636,0,0,0,0,12,1,0,'',1),(93,3,32,1,0,0,0,1463750459,12,1,0,'',2),(94,3,33,1,0,0,0,1464710831,12,1,0,'',2),(102,3,38,1,0,0,0,0,12,1,0,'',1),(105,3,41,1,0,0,0,1464861288,12,2,0,'',2),(108,3,44,1,0,0,0,0,12,1,0,'',1),(109,3,45,1,0,0,0,0,14,1,0,'',1),(110,3,46,1,0,0,0,0,12,1,0,'',1),(111,3,47,1,0,0,0,0,12,1,0,'',1),(113,3,49,1,0,0,0,0,12,1,0,'',1),(116,3,52,1,0,0,0,0,12,1,0,'',1),(117,3,53,1,0,0,0,0,12,1,0,'',1),(119,3,55,1,0,0,0,1465223273,12,1,0,'',2),(121,3,57,1,0,0,0,0,12,1,0,'',1),(132,3,68,1,0,0,0,0,12,1,0,'',1),(134,3,70,1,0,0,0,0,12,1,0,'',1),(136,3,71,1,0,0,0,0,14,1,0,'',1),(142,3,77,345522,0,0,0,0,14,1,0,'',1),(155,3,90,1,0,0,0,0,12,0,0,'',1),(156,3,91,1,0,0,0,0,12,0,0,'',1),(157,3,92,1,0,0,0,0,12,0,0,'',1),(158,3,93,1,0,0,0,0,12,0,0,'',1),(165,3,97,1,0,0,0,0,12,2,0,'',1),(167,3,99,1,0,0,0,0,12,1,0,'',1),(168,3,100,1,0,0,0,0,12,1,0,'',1),(170,3,102,1,0,0,0,0,12,1,0,'',1),(173,3,105,1,0,0,0,0,12,3,0,'',1),(174,3,106,1,0,0,0,0,12,3,0,'',1),(176,3,108,1,0,0,0,0,12,1,0,'',1),(178,3,110,1,1467091294,1467117223,1467117223,1467117170,12,1,0,'',4),(179,3,111,1,1467110431,1467110511,0,0,12,3,0,'',1),(180,3,112,1,1467282272,1467968331,0,1468914640,12,1,0,'',9),(187,17,6,1,1468918109,1468918129,0,0,459,8,0,'',1),(209,3,113,1,1470915324,1470915351,0,0,12,1,4,'',1),(211,3,114,1,1470997900,1471001317,0,0,12,1,5,'',1),(213,3,116,1,1472039059,1472039146,0,0,12,1,5,'',1),(214,3,117,1,1472039757,1472039793,0,0,12,0,0,'',1),(222,3,123,1,1473169477,1473169501,0,0,12,2,0,'',1),(230,3,131,1,1473327222,1473327257,0,0,12,1,5,'',1),(236,3,137,1,1473768955,1473946702,0,0,12,1,4,'',1),(237,3,138,1,1473962208,1473962256,0,0,12,1,4,'',1),(239,3,140,1,1474365570,1474365594,0,0,12,2,0,'',1),(244,3,144,1,1474985287,1474988187,0,0,12,0,0,'',1),(246,3,146,1,1474985428,1474987822,0,0,12,0,0,'',1),(248,3,148,1,1474988192,1474988208,0,0,12,0,0,'',1),(249,3,149,1,1474988195,1474988207,0,0,12,0,0,'',1),(250,3,150,1,1474988658,1475589400,1475589400,1474989451,12,0,0,'',3),(255,3,155,1,1475224058,1475224085,0,0,12,0,0,'',1),(256,15,2,1,1475260644,1475307233,0,0,12,0,0,'',1),(257,3,156,245736,1475321270,1475321314,0,0,12,0,0,'',1),(260,3,159,245736,1475508642,1475508652,0,0,12,0,0,'',1),(263,3,162,245636,1475588167,1475588398,0,1475588739,12,0,0,'',2),(265,3,164,245636,1475591302,1475592908,1475592908,1475591792,12,0,0,'',3),(266,3,165,245736,1475594026,1475594988,1475594988,1475594231,12,0,0,'',4),(268,3,167,245736,1475658085,1475658122,0,0,12,0,0,'',1),(269,3,168,245736,1475658352,1475658371,0,1475658619,12,0,0,'',2),(271,3,170,245736,1475659608,1475659635,0,1475660283,12,0,0,'',2),(273,3,172,245736,1475660371,1475660382,0,1475866636,12,0,0,'',2),(275,3,174,245736,1475660533,1475660540,0,1475660785,12,0,0,'',2),(283,3,182,1,1476114117,1476114140,0,0,12,0,0,'',1),(285,3,184,1,1476139631,1476139713,0,0,14,1,5,'',1),(286,3,185,1,1476188310,1476188339,0,0,12,2,0,'',1),(288,3,187,1,1476272528,1476454507,0,0,12,1,4,'',1),(289,3,188,245736,1476272587,1476273066,1476273066,1476272774,12,1,5,'',4),(290,3,189,1,1476441785,1476453107,0,0,12,2,0,'',1),(291,3,190,1,1476445800,1476445860,0,1476446264,12,1,5,'',2),(292,3,191,1,1476453352,1476453388,0,0,12,2,0,'',1),(293,3,192,1,1476455681,1476455708,0,0,12,3,0,'',1),(295,3,194,1,1476714205,1476714225,0,0,12,1,4,'',1),(296,3,195,245736,1476866760,1476866775,0,0,12,3,0,'',1),(299,3,198,245736,1476913874,1476913992,0,1476914551,12,1,5,'',2),(301,3,200,245736,1476984919,1476984995,0,0,12,1,5,'',1),(305,3,204,1,1477308290,1477308359,0,0,12,2,0,'',1),(307,3,206,245736,1477400806,1477400818,0,0,12,1,4,'',1),(308,3,207,245736,1477402387,1477402491,0,0,12,1,4,'',1),(311,3,210,245736,1477472424,1477472438,0,0,14,1,4,'',1),(313,3,212,1,1477472474,1477472498,0,0,14,1,4,'',1),(314,3,213,1,1477473378,1477473397,0,0,14,2,0,'',1),(315,3,214,1,1477473615,1477473642,0,1477473653,12,2,0,'',2),(316,3,215,1,1477473667,1477473683,0,0,12,3,0,'',1),(318,3,217,1,1477483921,1477483948,0,0,14,1,4,'',1),(324,3,223,1,1477496912,1477496972,0,0,12,2,0,'',1),(329,3,227,1,1478000232,1478002425,0,0,12,2,0,'',1),(339,3,236,1,1478173316,1478173346,0,0,12,3,0,'',1),(340,3,237,245736,1478173585,1478173632,0,0,14,1,4,'',1),(341,3,238,245736,1478175000,1478175017,0,0,14,3,0,'',1),(344,3,241,2,1478275643,1478275656,0,0,12,2,0,'',1),(345,3,242,245636,1478276178,1478276218,0,0,14,2,0,'',1),(347,3,244,1,1478525272,1478525290,0,0,12,1,4,'',1),(348,3,245,1,1479120620,1479120833,0,0,14,1,4,'',1),(353,3,250,1,1479909416,1479909590,0,0,12,1,5,'',1),(362,3,259,332514,1480067517,1480067527,0,0,21,2,0,'',1),(366,3,263,245736,1480068934,1480069105,0,0,12,2,0,'просто описание командировки',1),(367,3,264,245736,1480069372,1480069382,0,0,12,2,0,'',1),(368,3,265,1,1480069567,1480069587,0,0,12,3,0,'',1),(369,3,266,245736,1480069838,1480069848,0,0,12,2,0,'',1),(370,3,267,245736,1480070038,1480070046,0,0,12,2,0,'',1),(371,3,268,332514,1480070108,1480070116,0,0,21,2,0,'',1),(372,3,269,1,1480070125,1480070142,0,0,12,2,0,'',1),(377,3,272,1,1480332367,1480332379,0,0,12,2,0,'',1),(379,3,274,1,1480352883,1480352907,0,0,12,1,4,'',1),(381,3,276,1,1480404148,1480404172,0,0,12,2,0,'',1),(382,3,277,1,1480428142,1480428169,0,0,12,1,4,'',1),(383,3,278,2,1480451333,1480451571,0,0,14,3,0,'',1),(385,3,280,1,1480578898,1480580077,0,0,12,0,0,'',1),(387,3,282,1,1480588125,1480598204,0,0,12,0,0,'',1),(390,3,284,245736,1480694388,1480694414,0,0,12,0,0,'',1),(391,3,285,245736,1480781530,1480781640,0,0,461,0,0,'',1),(393,3,287,245736,1480883065,1484317470,1484317470,1480934399,12,0,0,'',2),(396,3,290,1,1481031531,1481031544,0,0,12,0,0,'',1),(412,3,305,245736,1481119513,1481119572,0,0,12,0,0,'',1),(413,3,306,245736,1481120593,1481120610,0,0,12,0,0,'',1),(414,3,307,245736,1481120711,1481120742,0,0,12,0,0,'',1),(417,3,310,245736,1481231728,1481232110,0,0,12,0,0,'',1),(427,3,319,1,1481461681,1481461728,0,0,12,0,0,'',1),(434,3,323,245736,1481550554,1481550563,0,0,12,0,0,'',1),(435,3,324,245736,1481557977,1481557992,0,0,12,0,0,'',1),(441,3,330,1,1481634324,1481634347,0,0,12,0,0,'',1),(444,3,333,1,1481705704,1481705717,0,0,12,0,0,'',1),(448,3,337,1,1481795459,1481795488,0,0,12,0,0,'',1),(449,3,338,1,1481874636,1481874653,0,0,12,0,0,'',1),(451,3,340,1,1482236372,1482236532,0,0,12,0,0,'',1),(453,3,342,1,1482236688,1482236704,0,0,12,0,0,'',1),(455,3,344,245736,1482417763,1482417894,0,0,12,0,0,'',1),(462,3,349,1,1482834606,1482834645,0,0,12,0,0,'',1),(481,3,368,1,1483092929,1483092982,0,0,12,1,4,'',1),(482,3,369,1,1483093218,1483093231,0,0,12,1,4,'',1),(483,3,370,1,1483093280,1483093300,0,0,12,2,0,'',1),(490,3,372,1,1483960131,1483960149,0,0,12,1,4,'',1),(492,3,374,1,1483960271,1483960318,0,0,12,2,0,'',1),(506,3,388,1,1483978031,1483978052,0,0,20,1,4,'',1),(507,3,389,1,1483978106,1484037780,0,0,22,2,0,'',1),(510,3,392,245736,1484052333,1484052411,0,0,22,1,4,'Описание',1),(512,3,394,245736,1484056875,1484056884,0,0,22,2,0,'',1),(513,3,395,1,1484126770,1484126837,0,0,12,1,5,'',1),(514,3,396,245736,1484211399,1484211406,0,0,22,1,4,'',1),(534,3,416,1,1484307522,1484307538,0,0,12,2,0,'',1),(537,3,419,1,1484314632,1484314655,0,0,22,2,0,'',1),(539,3,421,1,1484316015,1484316037,0,0,12,3,0,'',1),(543,3,424,1,1484349029,1484349036,0,0,22,1,4,'',1),(544,3,425,1,1484349195,1484349202,0,0,22,1,4,'',1),(545,3,426,1,1484556277,1484576555,0,0,20,2,0,'',1),(546,3,427,1,1484574651,1484576724,0,0,20,3,0,'',1),(551,3,432,1,1484653245,1484653345,0,0,20,2,0,'',1),(552,3,433,1,1484653356,1484653407,0,0,20,2,0,'',1),(560,3,441,1,1484811501,1484812991,0,0,12,2,0,'',1),(561,3,442,1,1484811538,1484811549,0,0,12,2,0,'',1),(562,3,443,1,1484811702,1484811716,0,0,12,2,0,'',1),(563,3,444,1,1484811950,1484811965,0,0,12,3,0,'',1),(565,3,446,1,1484813298,1484813314,0,0,12,2,0,'',1),(567,3,448,1,1484814245,1484815866,0,0,12,2,0,'',1),(570,3,451,1,1484814616,1484814632,0,0,12,2,0,'',1),(574,3,455,1,1484819530,1484819691,0,0,12,2,0,'',1),(581,3,462,1,1484822678,1484822809,0,0,12,2,0,'',1),(582,3,463,1,1484823393,1484823455,0,0,20,1,4,'',1),(583,3,464,1,1484823599,1484826644,0,0,20,1,5,'',1),(587,3,468,1,1484823707,1484826365,0,0,20,1,4,'',1),(588,3,469,1,1484827098,1484840754,0,0,461,1,4,'',1),(596,3,477,1,1484840821,1484843863,0,0,12,1,4,'',1),(603,3,483,245736,1484851082,1484851247,0,0,20,1,4,'',1),(607,3,487,1,1484898313,1484922669,0,0,22,3,0,'',1),(608,3,488,1,1484898362,1484898461,0,0,461,1,4,'',1),(612,19,3,1,1484899432,1484899456,0,0,12,1,4,'',1),(613,3,490,1,1484899721,1484899737,0,0,12,3,0,'',1),(614,3,491,1,1484900061,1484900079,0,0,12,3,0,'',1),(615,3,492,245736,1484901756,1484903511,1484903511,1484903192,20,2,0,'',4),(616,3,493,1,1484907218,1485088260,1485088260,1484920231,12,1,4,'',4),(617,3,494,1,1484918827,1484924120,0,0,12,2,0,'',1),(619,3,496,1,1484922794,1484922851,0,0,12,1,4,'',1),(620,3,497,1,1484923820,1484923832,0,0,12,1,4,'',1),(621,3,498,1,1485164821,1485164906,0,0,21,1,4,'',1),(623,19,4,1,1485170283,1485170308,0,0,12,2,0,'',1),(624,19,5,1,1485179269,1485179313,0,0,463,10,0,'',1),(625,19,6,1,1485179398,1485179413,0,0,463,9,0,'',1),(627,19,8,1,1485179472,1485179486,0,0,463,9,0,'',1),(628,19,9,1,1485179568,1485179586,0,0,463,9,0,'',1),(630,19,11,1,1485183016,1485183036,0,0,12,1,4,'',1),(632,3,500,1,1485259314,1485265038,1485265038,1485264419,12,2,0,'',4),(633,3,501,245736,1485261301,1485261384,0,0,20,1,4,'',1),(634,3,502,245736,1485261400,1485261485,0,0,12,3,0,'',1),(639,3,507,245736,1485262114,1485262842,1485262842,1485262688,12,0,0,'',4),(657,3,525,245736,1485332713,1485332719,0,0,12,0,0,'',1),(658,3,526,1,1485332942,1485332958,0,0,12,0,0,'',1),(660,3,528,1,1485334438,1485334457,0,0,12,0,0,'',1),(661,3,529,245736,1485334439,1485334450,0,0,12,0,0,'',1),(662,3,530,1,1485334567,1485334579,0,0,12,0,0,'',1),(663,3,531,1,1485334576,1485334585,0,0,12,0,0,'',1),(664,3,532,245521,1485334872,1485334927,0,0,12,0,0,'',1),(668,3,536,1,1485343434,1485347915,0,0,12,0,0,'',1),(681,3,547,1,1485360912,1485427009,0,0,12,0,0,'',1),(684,3,550,1,1485426306,1485426341,0,0,12,0,0,'',1),(689,3,553,1,1485511366,1485511374,0,0,12,0,0,'',1),(691,3,555,245736,1485511743,1485511803,0,0,12,0,0,'',1),(694,3,558,1,1485517836,1485772058,0,0,20,0,0,'',1),(700,3,562,1,1485771213,1485771394,0,0,12,0,0,'',1),(701,3,563,1,1485771372,1485771512,0,0,12,0,0,'',1),(706,19,19,354671,1485776628,1485776689,0,0,463,16,0,'',1),(707,19,20,1,1485783477,1485783489,0,0,463,14,0,'',1),(708,19,21,1,1485783585,1485783596,0,0,463,14,0,'',1),(710,19,23,1,1485783794,1485783812,0,0,463,15,0,'',1),(711,19,24,1,1485784255,1485784293,0,0,463,15,0,'',1),(713,19,26,1,1485784388,1485784401,0,0,463,13,0,'',1),(714,19,27,1,1485784710,1485784730,0,0,463,14,0,'',1),(715,19,28,1,1485786075,1485786085,0,0,463,15,0,'',1),(716,19,29,1,1485787465,1485787477,0,0,463,13,0,'',1),(719,19,30,1,1485799140,1485848666,0,0,463,0,0,'',1),(720,3,567,1,1485848855,1485849318,0,0,20,0,0,'',1),(721,19,31,1,1485851980,1485852028,0,0,463,16,0,'',1),(722,3,568,1,1485854783,1485854815,0,0,12,0,0,'',1),(723,19,32,1,1485855157,1485855176,0,0,463,14,0,'',1),(726,19,35,1,1485863417,1485863461,0,0,463,15,0,'',1),(727,19,36,1,1485865339,1485865349,0,0,463,14,0,'',1),(729,3,570,245736,1485865462,1485865469,0,0,12,0,0,'',1),(730,19,37,1,1485865643,1485865677,0,0,463,16,0,'',1),(731,19,38,1,1485866184,1485866228,0,0,463,16,0,'',1),(732,19,39,1,1485866848,1485866874,0,0,463,16,0,'',1),(733,19,40,1,1485867400,1485867422,0,0,463,16,0,'',1),(738,3,573,1,1485938629,1485938638,0,0,20,0,0,'',1),(748,3,583,1,1485943982,1485944001,0,0,12,0,0,'',1),(749,3,584,1,1485946073,1485946149,0,0,12,0,0,'',1),(750,19,43,1,1485946273,1485946299,0,1485946656,463,14,0,'',2),(751,19,44,1,1485957298,1485957314,0,0,463,15,0,'',1),(752,19,45,1,1485958911,1485958923,0,0,463,14,0,'',1),(753,3,585,1,1485959977,1485982445,0,0,20,1,4,'',1),(756,19,47,1,1486015872,1486015911,0,0,463,16,0,'',1),(757,19,48,1,1486015976,1486016010,0,0,463,16,0,'',1),(759,19,50,354670,1486018375,1486018405,0,0,463,14,0,'',1),(763,19,54,245606,1486022935,1486022935,0,0,463,0,0,'',0),(764,19,55,1,1486023592,1486023592,0,0,463,0,0,'',0),(765,19,56,1,1486023638,1486023662,0,0,463,16,0,'',1),(770,19,61,1,1486024053,1486024073,0,1486025741,463,16,0,'',2),(773,3,588,245736,1486024701,1486030564,0,0,20,2,0,'',1),(774,3,589,1,1486027107,1486027107,0,0,0,0,0,'',0),(776,3,590,245736,1486030852,1486030865,0,0,12,2,0,'',1),(777,3,591,1,1486033940,1486033940,0,0,20,0,0,'',0),(778,3,592,1,1486035778,1486035837,0,0,20,2,0,'',1),(779,3,593,245736,1486048331,1486048340,0,0,12,3,0,'',1),(780,3,594,1,1486104226,1486105423,0,0,20,2,0,'',1),(781,3,595,245736,1486106634,1486106661,0,0,12,2,0,'',1),(782,3,596,245736,1486109609,1486109609,0,0,0,0,0,'',0),(783,19,64,1,1486109631,1486109708,0,0,12,2,0,'',1),(784,3,597,245736,1486109994,1486110007,0,0,12,3,0,'',1),(785,19,65,1,1486110029,1486110044,0,1486110188,463,14,0,'',2),(786,19,66,1,1486115778,1486115863,0,0,463,14,0,'',1),(789,19,69,1,1486118462,1486118462,0,0,463,0,0,'',0),(790,19,70,1,1486118916,1486118916,0,0,463,0,0,'',0),(791,19,71,1,1486119475,1486119475,0,0,463,0,0,'',0),(793,19,73,1,1486119773,1486119773,0,0,463,0,0,'',0),(794,19,74,1,1486120061,1486120061,0,0,463,0,0,'',0),(796,3,598,1,1486121070,1486121070,0,0,20,0,0,'',0),(798,19,76,1,1486121808,1486122916,0,0,463,13,0,'',1),(799,19,77,1,1486124937,1486125252,0,0,463,14,0,'',1),(800,19,78,1,1486124977,1486124977,0,0,463,0,0,'',0),(801,3,600,1,1486125300,1486125300,0,0,20,0,0,'',0),(802,3,601,1,1486125377,1486125377,0,0,0,0,0,'',0),(803,3,602,1,1486125402,1486125402,0,0,0,0,0,'',0),(804,3,603,1,1486125427,1486125427,0,0,20,0,0,'',0),(805,3,604,1,1486125461,1486125461,0,0,0,0,0,'',0),(806,3,605,1,1486125766,1486125766,0,0,0,0,0,'',0),(807,3,606,1,1486125786,1486125786,0,0,0,0,0,'',0),(808,3,607,1,1486126594,1486126594,0,0,20,0,0,'',0),(809,3,608,1,1486128193,1486129347,0,0,20,15,0,'',1),(810,19,79,1,1486131061,1486313178,0,0,463,1,4,'',1),(811,3,609,245736,1486203594,1486203637,0,0,12,1,5,'',1),(812,3,610,1,1486363475,1486363475,0,0,0,0,0,'',0),(813,19,80,1,1486365232,1486365258,0,0,463,13,0,'',1),(814,19,81,1,1486367099,1486367223,0,0,463,15,0,'',1),(815,19,82,1,1486367655,1486367667,0,0,463,15,0,'',1),(817,19,84,1,1486372372,1486372372,0,0,463,15,0,'',0),(818,19,85,1,1486372419,1486372419,0,0,463,13,0,'',0),(819,19,86,1,1486372573,1486372573,0,0,463,13,0,'',0),(820,19,87,1,1486372669,1486372669,0,0,463,13,0,'',0),(821,19,88,1,1486372738,1486373201,0,0,463,13,0,'',1),(822,19,89,1,1486382055,1486382080,0,0,463,16,0,'',1),(823,19,90,1,1486382194,1486382204,0,0,463,16,0,'',1),(824,19,91,1,1486385054,1486385054,0,0,463,13,0,'',0),(825,19,92,1,1486385068,1486385068,0,0,0,0,0,'',0),(826,19,93,1,1486385073,1486385087,0,0,463,16,0,'',1),(827,19,94,1,1486390683,1486390692,0,0,463,16,0,'',1),(828,19,95,1,1486390819,1486390828,0,0,463,13,0,'',1),(829,3,611,245736,1486391525,1486391525,0,0,0,0,0,'',0),(830,19,96,1,1486393072,1486393081,0,0,463,14,0,'',1),(831,19,97,1,1486456471,1486456482,0,0,463,16,0,'',1),(832,19,98,1,1486460910,1486460927,0,0,463,14,0,'',1),(833,19,99,1,1486461021,1486461033,0,0,463,14,0,'',1),(834,19,100,1,1486461406,1486461406,0,0,0,0,0,'',0),(835,19,101,1,1486461450,1486461450,0,0,0,0,0,'',0),(836,19,102,1,1486461559,1486461559,0,0,0,0,0,'',0),(837,19,103,1,1486462261,1486462261,0,0,0,0,0,'',0),(838,19,104,1,1486462428,1486462428,0,0,0,0,0,'',0),(840,19,106,1,1486462465,1486462465,0,0,463,0,0,'',0),(841,19,107,1,1486462495,1486462547,0,0,463,16,0,'',1),(842,19,108,1,1486462546,1486462546,0,0,463,0,0,'',0),(843,19,109,1,1486462638,1486462649,0,0,463,16,0,'',1),(844,3,612,245736,1486462997,1486463036,0,0,12,1,4,'',1),(845,3,613,245736,1486463364,1486463379,0,0,12,1,4,'',1),(846,19,110,1,1486471067,1486471094,0,0,463,13,0,'',1),(847,19,111,1,1486473469,1486473487,0,0,463,14,0,'',1),(849,19,113,1,1486476673,1486476682,0,0,463,15,0,'',1),(851,19,115,1,1486541737,1486541737,0,0,0,0,0,'',0),(852,19,116,1,1486541777,1486541777,0,0,0,0,0,'',0),(853,19,117,1,1486541825,1486541832,0,0,463,16,0,'',1),(854,19,118,1,1486541840,1486541903,0,0,463,16,0,'',1),(855,19,119,1,1486541977,1486541987,0,0,463,16,0,'',1),(856,19,120,1,1486542088,1486542127,0,0,463,13,0,'',1),(857,3,614,2,1486542865,1486542865,0,0,0,0,0,'',0),(858,3,615,245636,1486543541,1486543541,0,0,0,0,0,'',0),(859,3,616,245636,1486543557,1486543557,0,0,0,0,0,'',0),(860,3,617,245636,1486543569,1486543569,0,0,0,0,0,'',0),(861,3,618,245636,1486543670,1486543670,0,0,0,0,0,'',0),(862,19,121,1,1486544850,1486544850,0,0,0,0,0,'',0),(863,19,122,1,1486547957,1486547957,0,0,0,0,0,'',0),(864,19,123,1,1486548015,1486548015,0,0,0,0,0,'',0),(865,19,124,1,1486548127,1486548127,0,0,0,0,0,'',0),(866,19,125,1,1486548164,1486548173,0,0,463,16,0,'',1),(867,19,126,1,1486552076,1486552076,0,0,463,13,0,'',0),(868,19,127,1,1486554409,1486554409,0,0,0,0,0,'',0),(869,19,128,1,1486554654,1486554672,0,0,463,16,0,'',1),(870,19,129,1,1486557896,1486557914,0,0,463,13,0,'',1),(871,3,619,1,1486558567,1486558594,0,0,463,16,0,'',1),(872,19,130,354780,1486559227,1486559234,0,0,463,16,0,'',1),(873,19,131,354780,1486559263,1486559263,0,0,463,0,0,'',0),(874,19,132,354780,1486559270,1486559275,0,0,463,16,0,'',1),(875,19,133,354780,1486559624,1486559624,0,0,463,0,0,'',0),(876,19,134,354780,1486559663,1486559663,0,0,463,0,0,'',0),(877,19,135,354780,1486559672,1486559672,0,0,0,0,0,'',0),(878,19,136,354670,1486559834,1486559834,0,0,463,0,0,'',0),(879,19,137,1,1486623302,1486623357,0,0,463,15,0,'',1),(880,3,620,1,1486624741,1486624741,0,0,0,0,0,'',0),(881,19,138,1,1486625032,1486625032,0,0,0,0,0,'',0),(882,3,621,1,1486625185,1486625185,0,0,12,0,0,'',0),(883,3,622,1,1486632521,1486632521,0,0,0,0,0,'',0),(884,3,623,1,1486632522,1486632522,0,0,0,0,0,'',0),(885,19,139,1,1486649938,1486650112,0,0,463,16,0,'',1);
/*!40000 ALTER TABLE `trip` ENABLE KEYS */;
UNLOCK TABLES;

--
-- Table structure for table `trip_service`
--

DROP TABLE IF EXISTS `trip_service`;
/*!40101 SET @saved_cs_client     = @@character_set_client */;
/*!40101 SET character_set_client = utf8 */;
CREATE TABLE `trip_service` (
  `id` int(11) NOT NULL AUTO_INCREMENT,
  `trip_id` int(11) NOT NULL,
  `service_id` int(11) NOT NULL,
  `status` int(4) DEFAULT '0',
  `type_booking` int(1) NOT NULL COMMENT 'Тип заказа',
  `variants` int(11) NOT NULL COMMENT 'Варианты',
  `price` decimal(14,3) DEFAULT NULL,
  `currency` varchar(3) DEFAULT NULL,
  `confirmation_number` varchar(16) DEFAULT NULL,
  `deadline` int(11) DEFAULT NULL,
  `date_start` int(11) DEFAULT NULL,
  `date_end` int(11) DEFAULT NULL,
  `start_city_id` int(11) DEFAULT NULL,
  `start_point_id` int(11) DEFAULT NULL,
  `end_point_id` int(11) DEFAULT NULL,
  `end_city_id` int(11) DEFAULT NULL,
  `description` text NOT NULL,
  PRIMARY KEY (`id`),
  KEY `service_id` (`service_id`),
  KEY `status` (`trip_id`,`status`) USING BTREE,
  KEY `deadline_time` (`trip_id`,`deadline`) USING BTREE,
  KEY `date_start` (`trip_id`,`date_start`) USING BTREE,
  KEY `date_end` (`trip_id`,`date_end`) USING BTREE,
  KEY `confirmation_number` (`trip_id`,`confirmation_number`),
  KEY `trip_id` (`trip_id`,`service_id`,`type_booking`,`variants`) USING BTREE,
  KEY `variants` (`trip_id`,`variants`),
  KEY `trip_id_2` (`trip_id`,`type_booking`),
  KEY `start_city_id` (`trip_id`,`start_city_id`) USING BTREE,
  KEY `start_point_id` (`trip_id`,`start_point_id`) USING BTREE,
  KEY `end_point_id` (`trip_id`,`end_point_id`) USING BTREE,
  KEY `end_city_id` (`trip_id`,`end_city_id`) USING BTREE,
  CONSTRAINT `trip_service_ibfk_1` FOREIGN KEY (`trip_id`) REFERENCES `trip` (`id`) ON DELETE CASCADE,
  CONSTRAINT `trip_service_ibfk_2` FOREIGN KEY (`service_id`) REFERENCES `service` (`id`) ON DELETE CASCADE
) ENGINE=InnoDB AUTO_INCREMENT=582 DEFAULT CHARSET=utf8;
/*!40101 SET character_set_client = @saved_cs_client */;

--
-- Dumping data for table `trip_service`
--

LOCK TABLES `trip_service` WRITE;
/*!40000 ALTER TABLE `trip_service` DISABLE KEYS */;
INSERT INTO `trip_service` VALUES (1,59,2,0,0,0,NULL,NULL,NULL,NULL,NULL,NULL,NULL,NULL,NULL,NULL,''),(2,59,4,0,0,0,NULL,NULL,NULL,NULL,NULL,NULL,NULL,NULL,NULL,NULL,''),(3,60,2,0,0,0,NULL,NULL,NULL,NULL,NULL,NULL,NULL,NULL,NULL,NULL,''),(4,60,3,0,0,0,NULL,NULL,NULL,NULL,NULL,NULL,NULL,NULL,NULL,NULL,''),(6,75,2,0,0,0,NULL,NULL,NULL,NULL,NULL,NULL,NULL,NULL,NULL,NULL,''),(8,77,2,1,0,0,5000.000,'RUB',NULL,NULL,NULL,NULL,524901,5135,NULL,NULL,''),(10,60,2,0,0,0,NULL,NULL,NULL,NULL,NULL,NULL,0,NULL,NULL,NULL,''),(12,82,2,1,0,0,12640.000,'RUB',NULL,NULL,NULL,NULL,524901,758,NULL,NULL,''),(13,61,2,0,0,0,NULL,NULL,NULL,NULL,NULL,NULL,524901,NULL,NULL,NULL,''),(14,60,2,0,0,0,44.220,'EUR',NULL,NULL,NULL,NULL,524901,5135,NULL,NULL,''),(15,60,2,0,0,0,4717.000,'RUB',NULL,NULL,NULL,NULL,524901,5930,NULL,NULL,''),(16,82,2,3,0,0,7000.000,'RUB',NULL,NULL,NULL,NULL,524901,5135,NULL,NULL,''),(17,84,2,1,0,0,7600.000,'RUB',NULL,NULL,NULL,NULL,524901,758,NULL,NULL,''),(18,85,2,0,0,0,12250.000,'RUB',NULL,NULL,NULL,NULL,524901,5135,NULL,NULL,''),(19,88,2,1,0,0,12640.000,'RUB',NULL,NULL,NULL,NULL,524901,758,NULL,NULL,''),(20,88,2,1,0,0,13000.000,'RUB',NULL,NULL,NULL,NULL,524901,5135,NULL,NULL,''),(21,88,2,1,0,0,24000.000,'RUB',NULL,NULL,NULL,NULL,524901,5135,NULL,NULL,''),(22,88,2,1,0,0,25400.000,'RUB',NULL,NULL,NULL,NULL,524901,758,NULL,NULL,''),(23,60,2,0,0,0,NULL,'RUB',NULL,NULL,NULL,NULL,524901,758,NULL,NULL,''),(24,88,2,1,0,0,14300.000,'RUB',NULL,NULL,NULL,NULL,524901,758,NULL,NULL,''),(25,93,2,4,0,0,13959.000,'RUB',NULL,NULL,NULL,NULL,524901,758,NULL,NULL,''),(26,87,2,0,0,0,5700.000,'RUB',NULL,NULL,NULL,NULL,524901,758,NULL,NULL,''),(27,84,2,0,0,0,NULL,NULL,NULL,NULL,NULL,NULL,524901,NULL,NULL,NULL,''),(29,60,2,0,0,0,NULL,NULL,NULL,NULL,NULL,NULL,524901,NULL,NULL,NULL,''),(30,60,2,0,0,0,NULL,NULL,NULL,NULL,NULL,NULL,524901,NULL,NULL,NULL,''),(31,94,2,0,0,0,NULL,NULL,NULL,NULL,NULL,NULL,NULL,NULL,NULL,NULL,''),(32,94,2,0,0,0,5683.000,'RUB',NULL,NULL,NULL,NULL,524901,758,NULL,NULL,''),(33,94,2,0,0,0,NULL,NULL,NULL,NULL,NULL,NULL,NULL,NULL,NULL,NULL,''),(35,102,2,0,0,0,NULL,NULL,NULL,NULL,NULL,NULL,524901,NULL,NULL,NULL,''),(36,102,2,0,0,0,NULL,NULL,NULL,NULL,NULL,NULL,524901,NULL,NULL,NULL,''),(37,87,2,0,0,0,NULL,NULL,NULL,NULL,NULL,NULL,524901,NULL,NULL,NULL,''),(38,105,2,0,0,0,10000.000,'RUB',NULL,NULL,NULL,NULL,524901,5135,NULL,NULL,''),(39,108,2,0,0,0,6500.000,'RUB',NULL,NULL,NULL,NULL,524901,5135,NULL,NULL,''),(40,109,3,0,0,0,NULL,NULL,NULL,NULL,NULL,NULL,NULL,NULL,NULL,NULL,''),(41,109,2,0,0,0,NULL,NULL,NULL,NULL,NULL,NULL,NULL,NULL,NULL,NULL,''),(42,111,2,0,0,0,7250.000,'RUB',NULL,NULL,NULL,NULL,524901,5135,NULL,NULL,''),(43,113,2,0,0,0,4500.000,'RUB',NULL,NULL,NULL,NULL,524901,5135,NULL,NULL,''),(44,116,2,0,0,0,NULL,NULL,NULL,NULL,NULL,NULL,NULL,NULL,NULL,NULL,''),(45,117,3,0,0,0,NULL,NULL,NULL,NULL,NULL,NULL,NULL,NULL,NULL,NULL,''),(46,117,2,1,0,0,5000.000,'RUB',NULL,NULL,NULL,NULL,524901,5135,NULL,NULL,''),(47,119,2,1,0,0,26000.000,'RUB',NULL,NULL,NULL,NULL,524901,5135,NULL,NULL,''),(48,117,2,0,0,0,3160.000,'RUB',NULL,NULL,NULL,NULL,524901,758,NULL,NULL,''),(49,121,2,0,0,0,13000.000,'RUB',NULL,NULL,NULL,NULL,524901,5135,NULL,NULL,''),(50,132,2,0,0,0,30693.000,'RUB',NULL,NULL,NULL,NULL,524901,758,NULL,NULL,''),(51,134,2,0,0,0,24566.000,'RUB',NULL,NULL,NULL,NULL,524901,5135,NULL,NULL,''),(52,136,2,1,0,0,3500.000,'RUB',NULL,NULL,NULL,NULL,524901,758,NULL,NULL,''),(53,136,2,0,0,0,NULL,NULL,NULL,NULL,NULL,NULL,NULL,NULL,NULL,NULL,''),(54,142,2,1,0,0,7150.000,'RUB',NULL,NULL,NULL,NULL,498677,4558,NULL,NULL,''),(55,155,2,1,0,0,3000.000,'RUB',NULL,NULL,NULL,NULL,524901,5135,NULL,NULL,''),(56,156,2,0,0,0,7622.000,'RUB',NULL,NULL,NULL,NULL,524901,5930,NULL,NULL,''),(57,157,2,0,0,0,5500.000,'RUB',NULL,NULL,NULL,NULL,524901,5930,NULL,NULL,''),(58,158,2,1,0,0,3250.000,'RUB',NULL,NULL,NULL,NULL,524901,5135,NULL,NULL,''),(59,158,2,1,0,0,3900.000,'RUB',NULL,NULL,NULL,NULL,524901,758,NULL,NULL,''),(60,158,2,0,0,0,NULL,'RUB',NULL,NULL,NULL,NULL,524901,NULL,NULL,NULL,''),(61,165,2,0,0,0,16256.000,'RUB',NULL,NULL,NULL,NULL,524901,758,NULL,NULL,''),(62,168,2,0,0,0,7250.000,'RUB',NULL,NULL,NULL,NULL,524901,5135,NULL,NULL,''),(63,167,2,0,0,0,33900.000,'RUB',NULL,NULL,NULL,NULL,524901,758,NULL,NULL,''),(64,170,2,0,0,0,8000.000,'RUB',NULL,NULL,NULL,NULL,524901,5135,NULL,NULL,''),(65,173,2,0,0,0,28600.000,'RUB',NULL,NULL,NULL,NULL,524901,758,NULL,NULL,''),(66,174,2,0,0,0,23900.000,'RUB',NULL,NULL,NULL,NULL,524901,758,NULL,NULL,''),(67,91,2,0,0,0,NULL,NULL,NULL,NULL,NULL,NULL,524901,NULL,NULL,NULL,''),(70,176,2,1,0,0,6750.000,'RUB',NULL,NULL,NULL,NULL,524901,5930,NULL,NULL,''),(71,176,3,0,0,0,NULL,NULL,NULL,NULL,NULL,NULL,NULL,NULL,NULL,NULL,''),(72,176,3,0,0,0,NULL,NULL,NULL,NULL,NULL,NULL,NULL,NULL,NULL,NULL,''),(73,176,2,0,0,0,NULL,NULL,NULL,NULL,NULL,NULL,524901,NULL,NULL,NULL,''),(74,176,2,0,0,0,4840.000,'RUB',NULL,NULL,NULL,NULL,524901,758,NULL,NULL,''),(75,178,2,3,0,0,13000.000,'RUB','KYUTEN',1467791940,1468906200,1469125800,524901,5135,NULL,NULL,''),(77,178,2,1,0,0,57980.000,'RUB','KCFPTS',1467243120,1467669300,1468007400,524901,5930,NULL,NULL,''),(82,180,2,3,0,0,6500.000,'RUB','EALRZG',1469038920,1469849700,1469859300,524901,5135,NULL,NULL,''),(86,173,2,0,0,0,NULL,NULL,NULL,NULL,NULL,NULL,NULL,NULL,NULL,NULL,''),(87,176,2,0,0,0,NULL,NULL,NULL,NULL,NULL,NULL,NULL,NULL,NULL,NULL,''),(88,187,2,0,0,0,NULL,NULL,NULL,NULL,NULL,NULL,NULL,NULL,NULL,NULL,''),(89,187,2,0,0,0,NULL,NULL,NULL,NULL,NULL,NULL,NULL,NULL,NULL,NULL,''),(90,187,2,0,0,0,NULL,NULL,NULL,NULL,NULL,NULL,NULL,NULL,NULL,NULL,''),(96,179,2,3,0,0,5500.000,'RUB','ANKTPQ',1469595720,1469861400,1469867400,524901,5135,NULL,NULL,''),(98,179,2,0,0,0,3250.000,'RUB',NULL,1470423540,NULL,NULL,524901,5135,NULL,NULL,''),(99,179,2,0,0,0,NULL,NULL,NULL,NULL,NULL,NULL,NULL,NULL,NULL,NULL,''),(104,209,2,0,0,0,NULL,NULL,NULL,NULL,NULL,NULL,524901,NULL,NULL,NULL,''),(105,91,2,0,0,0,NULL,NULL,NULL,NULL,NULL,NULL,NULL,NULL,NULL,NULL,''),(107,211,2,0,0,0,NULL,NULL,NULL,NULL,NULL,NULL,524901,NULL,NULL,NULL,''),(108,211,2,0,0,0,NULL,NULL,NULL,NULL,NULL,NULL,NULL,NULL,NULL,NULL,''),(110,211,2,0,0,0,NULL,NULL,NULL,NULL,NULL,NULL,NULL,NULL,NULL,NULL,''),(112,211,2,0,0,0,NULL,NULL,NULL,NULL,NULL,NULL,NULL,NULL,NULL,NULL,''),(113,211,2,0,0,0,NULL,NULL,NULL,NULL,NULL,NULL,NULL,NULL,NULL,NULL,''),(114,213,2,0,0,0,NULL,NULL,NULL,NULL,NULL,NULL,NULL,NULL,NULL,NULL,''),(115,214,2,0,0,0,NULL,NULL,NULL,NULL,NULL,NULL,NULL,NULL,NULL,NULL,''),(116,214,2,0,0,0,NULL,NULL,NULL,NULL,NULL,NULL,NULL,NULL,NULL,NULL,''),(117,214,2,0,0,0,3000.000,'RUB',NULL,1472677140,NULL,NULL,524901,5930,NULL,NULL,''),(118,214,3,0,0,0,NULL,NULL,NULL,NULL,NULL,NULL,NULL,NULL,NULL,NULL,''),(119,222,2,0,0,0,4972.000,'RUB',NULL,1473454740,NULL,NULL,524901,758,NULL,NULL,''),(120,230,5,0,0,0,NULL,NULL,NULL,NULL,NULL,NULL,NULL,NULL,NULL,NULL,''),(121,236,2,0,0,0,NULL,NULL,NULL,NULL,NULL,NULL,NULL,NULL,NULL,NULL,''),(122,237,2,0,0,0,10000.000,'RUB',NULL,1474577940,NULL,NULL,524901,5135,NULL,NULL,''),(123,237,2,0,0,0,10000.000,'RUB',NULL,1474318740,NULL,NULL,524901,5135,NULL,NULL,''),(124,237,2,0,0,0,NULL,NULL,NULL,NULL,NULL,NULL,NULL,NULL,NULL,NULL,''),(125,237,2,0,0,0,NULL,NULL,NULL,NULL,NULL,NULL,NULL,NULL,NULL,NULL,''),(126,237,2,0,0,0,NULL,NULL,NULL,NULL,NULL,NULL,524901,NULL,NULL,NULL,''),(127,237,2,0,0,0,NULL,'RUB',NULL,1476229200,NULL,NULL,NULL,NULL,NULL,NULL,''),(128,237,2,0,0,0,10164.000,'RUB',NULL,1474491540,NULL,NULL,524901,758,NULL,NULL,''),(129,239,2,0,0,0,10472.000,'RUB',NULL,1474664340,NULL,NULL,524901,758,NULL,NULL,''),(130,237,2,0,0,0,10200.000,'RUB',NULL,1475689200,NULL,NULL,2988507,515,NULL,NULL,''),(131,237,2,0,0,0,8664.000,'RUB',NULL,1476283500,NULL,NULL,2988507,515,NULL,NULL,''),(132,237,6,0,0,0,NULL,NULL,NULL,NULL,NULL,NULL,NULL,NULL,NULL,NULL,''),(133,237,4,0,0,0,NULL,NULL,NULL,NULL,NULL,NULL,NULL,NULL,NULL,NULL,''),(134,237,5,0,0,0,NULL,NULL,NULL,NULL,NULL,NULL,NULL,NULL,NULL,NULL,''),(135,248,2,0,0,0,13601.000,'RUB',NULL,1475179140,NULL,NULL,524901,5135,NULL,NULL,''),(136,249,2,0,0,0,9865.000,'RUB',NULL,1475179140,NULL,NULL,524901,5135,NULL,NULL,''),(137,250,2,1,0,0,23275.000,'RUB','TNLPIY',1475607540,1476443100,1476457200,524901,5135,NULL,NULL,''),(138,248,2,0,0,0,NULL,NULL,NULL,NULL,NULL,NULL,524901,NULL,NULL,NULL,''),(139,255,2,0,0,0,11076.000,'RUB',NULL,1475524740,NULL,NULL,524901,5135,NULL,NULL,''),(141,257,2,0,0,0,NULL,NULL,NULL,NULL,NULL,NULL,NULL,NULL,NULL,NULL,''),(142,257,2,0,0,0,NULL,NULL,NULL,NULL,NULL,NULL,524901,NULL,NULL,NULL,''),(143,260,2,0,1,0,NULL,NULL,NULL,NULL,NULL,NULL,524901,NULL,NULL,NULL,''),(144,263,2,1,1,0,NULL,NULL,'',NULL,NULL,NULL,524901,NULL,NULL,NULL,''),(147,260,2,0,0,0,NULL,NULL,NULL,NULL,NULL,NULL,NULL,NULL,NULL,NULL,''),(148,260,2,0,0,0,NULL,NULL,NULL,NULL,NULL,NULL,524901,NULL,NULL,NULL,''),(149,265,2,1,0,0,46550.000,'RUB','WIFRNU',1476212340,1478696100,1478710200,524901,5135,NULL,NULL,''),(150,266,2,2,0,0,4297.000,'RUB','WKOCVJ',1479864000,1479867600,1479895800,524901,758,NULL,NULL,''),(151,268,2,1,0,0,4186.000,'RUB','DSWVQP',1479259200,1479262800,1479291000,524901,758,NULL,NULL,''),(152,269,2,3,0,0,11397.000,'RUB','RZDC6',1475917680,1479463500,1479496800,524901,758,NULL,NULL,''),(153,271,2,1,0,0,12461.000,'RUB','GRTRCN',1475918880,1478841900,1478869200,524901,758,NULL,NULL,''),(154,273,2,1,0,0,11856.000,'RUB','XBVZUW',1475919600,1478858700,1478892000,524901,758,NULL,NULL,''),(156,275,2,1,0,0,10582.000,'RUB','GRAIHN',1475833440,1479300000,1479330900,524901,5135,NULL,NULL,''),(157,285,2,0,0,0,10418.000,'RUB',NULL,1476305940,NULL,NULL,524901,5135,NULL,NULL,''),(158,286,2,0,0,0,NULL,NULL,NULL,NULL,NULL,NULL,NULL,NULL,NULL,NULL,''),(159,289,2,2,0,0,3000.000,'RUB','ZKIQGQ',1476903540,1479999000,1480003800,524901,5135,NULL,NULL,''),(160,291,2,1,0,0,12000.000,'RUB','DVRAHE',1477083540,1479304500,1479901200,524901,5135,NULL,NULL,''),(161,290,2,0,1,0,NULL,NULL,NULL,NULL,NULL,NULL,524901,NULL,NULL,NULL,''),(162,292,2,0,0,0,NULL,'RUB',NULL,1476565140,NULL,NULL,NULL,NULL,NULL,NULL,''),(163,288,2,0,0,0,NULL,'RUB',NULL,1476730740,NULL,NULL,NULL,NULL,NULL,NULL,''),(164,293,2,0,0,0,NULL,NULL,NULL,NULL,NULL,NULL,524901,NULL,NULL,NULL,''),(165,295,2,0,0,0,51557.000,'RUB',NULL,1478033940,NULL,NULL,524901,758,NULL,NULL,''),(168,295,2,0,0,0,NULL,NULL,NULL,NULL,NULL,NULL,NULL,NULL,NULL,NULL,''),(169,295,2,0,0,0,NULL,NULL,NULL,NULL,NULL,NULL,524901,NULL,NULL,NULL,''),(171,296,2,0,1,0,NULL,NULL,NULL,NULL,NULL,NULL,524901,NULL,NULL,NULL,''),(173,299,2,1,0,0,7274.000,'RUB','IVLJYO',1477560300,1477563900,1477590900,524901,758,NULL,NULL,'My comment'),(174,301,2,0,0,0,NULL,NULL,NULL,NULL,NULL,NULL,NULL,NULL,NULL,NULL,''),(177,305,2,0,0,0,NULL,NULL,NULL,NULL,NULL,NULL,NULL,NULL,NULL,NULL,''),(178,307,2,0,0,0,NULL,NULL,NULL,NULL,NULL,NULL,524901,NULL,NULL,NULL,''),(179,307,2,0,0,0,NULL,NULL,NULL,NULL,NULL,NULL,524901,NULL,NULL,NULL,''),(180,308,2,0,2,180,NULL,NULL,NULL,NULL,1478768400,1484092200,524901,758,NULL,NULL,''),(184,308,2,0,2,180,NULL,NULL,NULL,NULL,1478768400,1484092200,524901,758,NULL,NULL,''),(185,308,2,0,2,180,NULL,NULL,NULL,NULL,1478768400,1484092200,524901,5135,NULL,NULL,''),(186,308,2,0,2,180,NULL,NULL,NULL,NULL,1478768400,1484092200,524901,758,NULL,NULL,''),(187,308,6,0,0,0,NULL,NULL,NULL,NULL,NULL,NULL,NULL,NULL,NULL,NULL,''),(188,316,2,1,0,0,1600.000,'RUB','PQWABN',1477560120,1478529600,1478534400,524901,5930,NULL,NULL,''),(189,316,2,0,2,189,NULL,NULL,NULL,NULL,NULL,NULL,524901,NULL,NULL,NULL,''),(190,313,2,0,2,190,NULL,NULL,NULL,NULL,NULL,NULL,524901,NULL,NULL,NULL,''),(191,318,2,0,2,191,6001.000,'RUB',NULL,NULL,1478768400,1477638900,524901,758,NULL,NULL,''),(192,318,2,0,2,191,12000.000,'RUB',NULL,NULL,1477529400,1477529400,524901,758,NULL,NULL,''),(194,324,2,0,2,194,35000.000,'RUB',NULL,NULL,NULL,NULL,524901,NULL,NULL,NULL,''),(195,329,2,0,2,195,NULL,NULL,NULL,NULL,NULL,1478038620,524901,NULL,NULL,NULL,''),(196,329,2,0,2,195,0.000,'RUB',NULL,NULL,NULL,NULL,524901,NULL,NULL,NULL,''),(197,329,4,0,0,0,NULL,NULL,NULL,NULL,NULL,NULL,NULL,NULL,NULL,NULL,''),(198,324,3,0,0,0,NULL,NULL,NULL,NULL,NULL,NULL,NULL,NULL,NULL,NULL,''),(199,324,3,0,0,0,NULL,NULL,NULL,NULL,NULL,NULL,NULL,NULL,NULL,NULL,''),(200,324,2,0,2,200,NULL,NULL,NULL,NULL,NULL,NULL,524901,NULL,NULL,NULL,''),(201,339,2,0,0,0,NULL,NULL,NULL,NULL,NULL,NULL,524901,NULL,NULL,NULL,''),(202,340,2,0,0,0,27244.000,'RUB',NULL,1478458740,NULL,NULL,524901,5135,NULL,NULL,''),(203,341,2,0,0,0,NULL,NULL,NULL,NULL,NULL,NULL,NULL,NULL,NULL,NULL,''),(204,344,2,0,0,0,NULL,NULL,NULL,NULL,NULL,NULL,NULL,NULL,NULL,NULL,''),(205,345,2,0,0,0,NULL,'RUB',NULL,1478552340,NULL,NULL,NULL,NULL,NULL,NULL,''),(206,340,3,0,0,0,NULL,NULL,NULL,NULL,NULL,NULL,NULL,NULL,NULL,NULL,''),(207,347,2,0,2,207,2608.000,'RUB',NULL,1478811540,1482572400,NULL,524901,5930,NULL,NULL,''),(208,348,2,0,2,208,NULL,NULL,NULL,NULL,NULL,NULL,524901,NULL,NULL,NULL,''),(209,348,2,0,0,0,3250.000,'RUB',NULL,1479243540,NULL,NULL,524901,5135,NULL,NULL,''),(210,348,2,0,0,0,NULL,NULL,NULL,NULL,NULL,NULL,NULL,NULL,NULL,NULL,''),(211,347,2,0,2,207,NULL,'RUB',NULL,1478811540,1482572400,NULL,524901,5930,NULL,NULL,''),(212,353,2,0,2,212,10000.000,'RUB',NULL,NULL,1480150800,NULL,NULL,NULL,NULL,NULL,''),(213,353,3,0,0,0,NULL,NULL,NULL,NULL,NULL,NULL,NULL,NULL,NULL,NULL,''),(214,362,2,0,0,0,NULL,NULL,NULL,NULL,NULL,NULL,NULL,NULL,NULL,NULL,''),(215,366,2,0,0,0,NULL,NULL,NULL,NULL,NULL,NULL,524901,NULL,NULL,NULL,''),(216,367,2,0,0,0,NULL,NULL,NULL,NULL,NULL,NULL,524901,NULL,NULL,NULL,'Ggghjj ggghjj thnx ggghjj her ggghjj ggghjj'),(217,368,2,0,2,217,NULL,NULL,NULL,NULL,NULL,NULL,524901,NULL,NULL,NULL,''),(218,369,2,0,0,0,NULL,NULL,NULL,NULL,NULL,NULL,524901,NULL,NULL,NULL,''),(219,370,2,0,0,0,NULL,NULL,NULL,NULL,NULL,NULL,524901,NULL,NULL,NULL,''),(220,371,2,0,0,0,NULL,NULL,NULL,NULL,NULL,NULL,524901,NULL,NULL,NULL,''),(221,372,2,1,1,221,20000.000,'RUB','',NULL,1480027260,1478677800,524901,5135,NULL,NULL,'ншпж'),(223,377,2,0,3,223,30000.000,'RUB',NULL,NULL,NULL,1481032393,524901,NULL,NULL,NULL,''),(224,372,3,0,0,0,NULL,NULL,NULL,NULL,NULL,NULL,NULL,NULL,NULL,NULL,'укукук'),(225,372,3,0,0,0,NULL,NULL,NULL,NULL,NULL,NULL,NULL,NULL,NULL,NULL,''),(227,371,3,0,0,0,NULL,NULL,NULL,NULL,NULL,NULL,NULL,NULL,NULL,NULL,''),(229,379,2,0,0,0,NULL,NULL,NULL,NULL,NULL,NULL,524901,NULL,NULL,NULL,''),(230,379,3,0,0,0,NULL,NULL,NULL,NULL,NULL,NULL,NULL,NULL,NULL,NULL,''),(231,381,3,0,0,0,NULL,NULL,NULL,NULL,NULL,NULL,NULL,NULL,NULL,NULL,''),(232,381,3,0,0,0,NULL,NULL,NULL,NULL,NULL,NULL,NULL,NULL,NULL,NULL,''),(233,381,3,0,0,0,NULL,NULL,NULL,NULL,NULL,NULL,NULL,NULL,NULL,NULL,''),(234,381,3,0,0,0,NULL,NULL,NULL,NULL,NULL,NULL,NULL,NULL,NULL,NULL,''),(235,381,3,0,0,0,NULL,NULL,NULL,NULL,NULL,NULL,NULL,NULL,NULL,NULL,''),(236,381,3,0,0,0,NULL,NULL,NULL,NULL,NULL,NULL,NULL,NULL,NULL,NULL,''),(237,381,3,0,0,0,NULL,NULL,NULL,NULL,NULL,NULL,NULL,NULL,NULL,NULL,''),(238,382,3,0,0,0,NULL,NULL,NULL,NULL,NULL,NULL,NULL,NULL,NULL,NULL,''),(240,383,2,0,0,0,22812.000,'RUB',NULL,1481230740,NULL,NULL,524901,5135,NULL,NULL,''),(242,383,2,0,0,0,23144.000,'RUB',NULL,1481223540,NULL,NULL,524901,5135,NULL,NULL,''),(243,385,2,0,0,0,NULL,'KZT',NULL,1483217940,NULL,NULL,NULL,NULL,NULL,NULL,''),(244,385,3,0,0,0,NULL,NULL,NULL,NULL,NULL,NULL,NULL,NULL,NULL,NULL,''),(249,390,2,0,2,249,4354.000,'RUB',NULL,NULL,1484298000,1484321100,524901,758,NULL,NULL,''),(250,390,2,0,2,249,998.000,'RUB',NULL,NULL,1484818200,1484826300,524901,758,NULL,NULL,''),(251,391,2,0,0,0,6250.000,'RUB',NULL,1481396340,NULL,NULL,524901,5135,NULL,NULL,''),(252,393,2,1,0,0,5621.000,'RUB','364H2M',1485739200,1485742800,1485771000,524901,758,NULL,NULL,'Мягкое место'),(253,396,2,0,0,0,3500.000,'RUB',NULL,1481659140,NULL,NULL,524901,5135,NULL,NULL,''),(254,377,3,0,0,0,NULL,NULL,NULL,NULL,NULL,NULL,NULL,NULL,NULL,NULL,''),(255,396,3,0,0,0,NULL,NULL,NULL,NULL,NULL,NULL,NULL,NULL,NULL,NULL,''),(256,396,3,0,0,0,NULL,NULL,NULL,NULL,NULL,NULL,NULL,NULL,NULL,NULL,''),(257,396,2,0,0,0,NULL,NULL,NULL,NULL,NULL,NULL,NULL,NULL,NULL,NULL,''),(258,396,2,0,0,0,NULL,NULL,NULL,NULL,NULL,NULL,524901,NULL,NULL,NULL,''),(259,396,2,0,0,0,NULL,NULL,NULL,NULL,NULL,NULL,NULL,NULL,NULL,NULL,''),(260,390,2,0,0,0,NULL,NULL,NULL,NULL,NULL,NULL,524901,NULL,NULL,NULL,''),(261,396,2,0,0,0,NULL,NULL,NULL,NULL,NULL,NULL,NULL,NULL,NULL,NULL,''),(262,412,2,0,2,262,NULL,NULL,NULL,NULL,NULL,NULL,524901,NULL,NULL,NULL,''),(263,412,2,0,2,263,NULL,NULL,NULL,NULL,NULL,NULL,524901,NULL,NULL,NULL,''),(264,413,2,0,2,264,NULL,NULL,NULL,NULL,NULL,NULL,524901,NULL,NULL,NULL,''),(265,414,2,0,3,265,35200.000,'RUB',NULL,NULL,1484211600,1484258700,524901,5135,NULL,NULL,''),(266,414,2,0,3,265,28111.000,'RUB',NULL,NULL,1484211600,1484258700,524901,758,NULL,NULL,''),(267,414,2,0,3,265,12000.000,'RUB',NULL,NULL,1484211600,1484258700,524901,758,NULL,NULL,''),(269,413,2,0,0,0,NULL,NULL,NULL,NULL,NULL,NULL,NULL,NULL,NULL,NULL,''),(270,417,2,0,3,270,75665.000,'RUB',NULL,NULL,1482397200,1482364200,524901,5135,NULL,NULL,''),(272,414,2,0,0,0,NULL,NULL,NULL,NULL,NULL,NULL,NULL,NULL,NULL,NULL,''),(273,427,2,0,3,273,NULL,NULL,NULL,NULL,NULL,NULL,524901,NULL,NULL,NULL,''),(274,427,2,0,0,0,NULL,NULL,NULL,NULL,NULL,NULL,NULL,NULL,NULL,NULL,''),(275,427,2,0,0,0,NULL,NULL,NULL,NULL,NULL,NULL,524901,NULL,NULL,NULL,''),(276,427,2,0,0,0,NULL,NULL,NULL,NULL,NULL,NULL,NULL,NULL,NULL,NULL,''),(277,427,2,0,3,277,NULL,NULL,NULL,NULL,NULL,NULL,524901,NULL,NULL,NULL,''),(278,434,2,0,3,278,NULL,NULL,NULL,NULL,NULL,NULL,524901,NULL,NULL,NULL,''),(279,434,2,0,0,0,NULL,NULL,NULL,NULL,NULL,NULL,524901,NULL,NULL,NULL,''),(280,434,3,0,0,0,NULL,NULL,NULL,NULL,NULL,NULL,NULL,NULL,NULL,NULL,''),(281,435,2,0,0,0,NULL,NULL,NULL,NULL,NULL,NULL,524901,NULL,NULL,NULL,''),(282,435,2,0,0,0,NULL,NULL,NULL,NULL,NULL,NULL,524901,NULL,NULL,NULL,''),(283,435,2,0,0,0,NULL,NULL,NULL,NULL,NULL,NULL,524901,NULL,NULL,NULL,''),(284,435,2,0,0,0,NULL,NULL,NULL,NULL,NULL,NULL,524901,NULL,NULL,NULL,''),(285,435,2,0,0,0,NULL,NULL,NULL,NULL,NULL,NULL,524901,NULL,NULL,NULL,''),(286,435,2,0,0,0,NULL,NULL,NULL,NULL,NULL,NULL,NULL,NULL,NULL,NULL,''),(287,435,2,0,0,0,NULL,NULL,NULL,NULL,NULL,NULL,524901,NULL,NULL,NULL,''),(288,435,2,0,0,0,NULL,NULL,NULL,NULL,NULL,NULL,NULL,NULL,NULL,NULL,''),(289,435,2,0,0,0,NULL,NULL,NULL,NULL,NULL,NULL,524901,NULL,NULL,NULL,''),(291,441,2,0,0,0,NULL,NULL,NULL,NULL,NULL,NULL,NULL,NULL,NULL,NULL,''),(293,444,2,0,0,0,NULL,'KZT',NULL,1481749140,NULL,NULL,NULL,NULL,NULL,NULL,''),(295,444,2,0,0,0,NULL,NULL,NULL,NULL,NULL,NULL,524901,NULL,NULL,NULL,''),(296,444,2,0,0,0,17325.000,'KZT',NULL,1481748000,NULL,NULL,524901,5930,NULL,NULL,''),(297,444,2,0,0,0,23465.000,'KZT',NULL,1481749140,NULL,NULL,524901,758,NULL,NULL,''),(298,444,2,0,0,0,17325.000,'KZT',NULL,1481748000,NULL,NULL,524901,5930,NULL,NULL,''),(299,444,2,0,0,0,NULL,NULL,NULL,NULL,NULL,NULL,524901,NULL,NULL,NULL,''),(300,444,2,0,0,0,13738.000,'KZT',NULL,1481835540,NULL,NULL,524901,758,NULL,NULL,''),(301,444,2,0,0,0,17325.000,'KZT',NULL,1481835540,NULL,NULL,524901,5930,NULL,NULL,''),(302,444,2,0,0,0,17325.000,'KZT',NULL,1481834400,NULL,NULL,524901,5930,NULL,NULL,''),(303,444,2,0,0,0,17325.000,'KZT',NULL,1481835540,NULL,NULL,524901,5930,NULL,NULL,''),(304,448,2,0,0,0,NULL,NULL,NULL,NULL,NULL,NULL,NULL,NULL,NULL,NULL,''),(305,209,3,0,0,0,NULL,NULL,NULL,NULL,NULL,NULL,NULL,NULL,NULL,NULL,''),(306,448,2,0,0,0,17325.000,'KZT',NULL,1481921940,NULL,NULL,524901,5930,NULL,NULL,''),(307,449,2,0,0,0,NULL,NULL,NULL,NULL,NULL,NULL,524901,NULL,NULL,NULL,''),(308,448,2,0,2,308,NULL,NULL,NULL,NULL,NULL,NULL,524901,NULL,NULL,NULL,''),(309,448,2,0,2,308,NULL,NULL,NULL,NULL,NULL,NULL,524901,NULL,NULL,NULL,''),(310,453,2,0,1,310,15000.000,'RUB',NULL,NULL,1483606800,NULL,NULL,NULL,NULL,NULL,''),(311,453,2,0,1,310,0.000,'RUB',NULL,NULL,1483606800,NULL,NULL,NULL,NULL,NULL,''),(312,453,2,0,0,0,60765.000,'KZT',NULL,1483217940,NULL,NULL,524901,758,NULL,NULL,''),(313,455,2,0,3,313,46773.000,'KZT',NULL,1482699540,NULL,NULL,524901,758,NULL,NULL,''),(314,455,3,0,0,0,NULL,NULL,NULL,NULL,NULL,NULL,NULL,NULL,NULL,NULL,''),(315,455,2,0,3,313,765456.000,'RUB',NULL,1482699540,NULL,NULL,524901,758,NULL,NULL,''),(316,455,2,0,0,0,30754.000,'KZT',NULL,1482872340,NULL,NULL,524901,758,NULL,NULL,''),(317,453,3,0,0,0,NULL,NULL,NULL,NULL,NULL,NULL,NULL,NULL,NULL,NULL,''),(318,462,2,0,0,0,19406.000,'KZT',NULL,1482958740,NULL,NULL,524901,758,NULL,NULL,''),(319,444,2,0,0,0,10513.000,'KZT',NULL,1482958740,NULL,NULL,524901,758,NULL,NULL,''),(320,462,2,0,2,320,NULL,NULL,NULL,NULL,NULL,NULL,524901,NULL,NULL,NULL,''),(321,462,2,0,2,321,57347.000,'KZT',NULL,1483217940,NULL,NULL,524901,5135,NULL,NULL,''),(322,462,2,0,2,322,NULL,NULL,NULL,NULL,NULL,NULL,524901,NULL,NULL,NULL,''),(323,372,2,0,0,0,NULL,NULL,NULL,NULL,NULL,NULL,524901,NULL,NULL,NULL,''),(326,510,2,1,1,324,54323.000,'RUB','Hjfk7G',NULL,1485939600,1485907200,2643743,2215,NULL,NULL,''),(327,506,2,0,0,0,NULL,NULL,NULL,NULL,NULL,NULL,NULL,NULL,NULL,NULL,''),(332,513,2,0,0,0,45967.000,'KZT',NULL,1484254740,NULL,NULL,524901,758,NULL,NULL,''),(334,513,2,0,0,0,17820.000,'KZT',NULL,1484254740,NULL,NULL,524901,5930,NULL,NULL,''),(337,534,2,0,0,0,NULL,NULL,NULL,NULL,NULL,NULL,524901,NULL,NULL,NULL,''),(340,534,2,1,0,0,8823.000,'KZT','39HMPU',1484343600,1484347200,1484352300,524901,5930,NULL,NULL,''),(342,514,2,1,0,0,8823.000,'KZT','39HNPC',1484343600,1484347200,1484352300,524901,5930,NULL,NULL,''),(343,514,2,1,0,0,8823.000,'KZT','39HNSV',1484427540,1485297600,1485302700,524901,5930,NULL,NULL,''),(345,537,2,1,0,0,35639.000,'KZT','39HOVV',1484600340,1486676400,1487741400,524901,5930,NULL,NULL,''),(346,539,2,0,0,0,35639.000,'KZT',NULL,1484427540,NULL,NULL,524901,5930,NULL,NULL,''),(347,537,2,0,2,347,69488.000,'KZT',NULL,1484600340,NULL,NULL,524901,5135,NULL,NULL,''),(348,537,2,1,0,0,10753.000,'KZT','39HPF7',1484341140,1485414000,1485419400,524901,758,NULL,NULL,''),(349,537,2,1,0,0,8823.000,'KZT','39HPJZ',1484427540,1485297600,1485302700,524901,5930,NULL,NULL,''),(350,537,2,1,0,0,8823.000,'KZT','39HPMA',1484427540,1485297600,1485302700,524901,5930,NULL,NULL,''),(353,512,2,0,2,353,5000.000,'RUB',NULL,NULL,1484485800,1484494500,524901,758,NULL,NULL,''),(354,514,2,1,0,0,8823.000,'KZT','39HTWV',1484427540,1485297600,1485302700,524901,5930,NULL,NULL,''),(355,544,2,0,0,0,NULL,NULL,NULL,NULL,NULL,NULL,NULL,NULL,NULL,NULL,''),(356,552,2,0,0,0,150210.000,'KZT',NULL,1484686740,NULL,NULL,524901,5135,NULL,NULL,''),(357,552,2,0,0,0,NULL,NULL,NULL,NULL,NULL,NULL,NULL,NULL,NULL,NULL,''),(358,552,2,0,0,0,150604.000,'KZT',NULL,1484945940,NULL,NULL,524901,758,NULL,NULL,''),(359,544,2,1,0,0,10887.000,'KZT','39M5EF',1484686740,1485414000,1485419400,524901,758,NULL,NULL,''),(360,552,2,0,0,0,NULL,NULL,NULL,NULL,NULL,NULL,524901,NULL,NULL,NULL,''),(361,544,2,1,0,0,16396.000,'KZT','39M7HR',1484859540,1485294600,1485299400,524901,5930,NULL,NULL,''),(362,544,2,1,0,0,16396.000,'KZT','39M7PF',1484859540,1485294600,1485299400,524901,5930,NULL,NULL,''),(363,544,2,1,0,0,10887.000,'KZT','39M92K',1484773140,1485327600,1485333000,524901,758,NULL,NULL,''),(364,544,2,1,0,0,16396.000,'KZT','39NA7X',1484859540,1485294600,1485299400,524901,5930,NULL,NULL,''),(365,544,2,1,0,0,16396.000,'KZT','39NBIX',1484859540,1485294600,1485299400,524901,5930,NULL,NULL,''),(366,561,2,0,0,0,70708.000,'KZT',NULL,1485118740,NULL,NULL,524901,5135,NULL,NULL,''),(367,562,2,0,0,0,72433.000,'KZT',NULL,1485118740,NULL,NULL,524901,5135,NULL,NULL,''),(368,562,2,1,0,0,18043.000,'KZT','39QR2U',1484833800,1484837400,1484842800,524901,5930,NULL,NULL,''),(369,562,2,0,0,0,42785.000,'KZT',NULL,1485118740,NULL,NULL,524901,5930,NULL,NULL,''),(370,562,2,0,0,0,NULL,NULL,NULL,NULL,NULL,NULL,NULL,NULL,NULL,NULL,''),(371,563,2,1,0,0,19539.000,'KZT','39QSKE',1485464340,1487134800,1487141100,524901,5135,NULL,NULL,''),(372,563,2,1,0,0,78782.000,'KZT','39QSRB',1485118740,1487138400,1487173200,524901,758,NULL,NULL,''),(373,560,2,1,0,0,38241.000,'KZT','39QS3K',1485464340,1487242800,1487318400,524901,5135,NULL,NULL,''),(374,560,2,0,0,0,NULL,NULL,NULL,NULL,NULL,NULL,524901,NULL,NULL,NULL,''),(375,565,2,0,0,0,NULL,NULL,NULL,NULL,NULL,NULL,NULL,NULL,NULL,NULL,''),(376,563,2,0,0,0,37683.000,'KZT',NULL,1485464340,NULL,NULL,524901,5135,NULL,NULL,''),(377,565,2,1,0,0,19539.000,'KZT','39QUDG',1484859540,1487820300,1487826300,524901,5135,NULL,NULL,''),(378,567,2,1,0,0,20935.000,'KZT','39QYUC',1485464340,1487313300,1487323200,524901,5135,NULL,NULL,''),(384,587,2,0,0,0,NULL,NULL,NULL,NULL,NULL,NULL,NULL,NULL,NULL,NULL,''),(385,581,2,0,0,0,NULL,NULL,NULL,NULL,NULL,NULL,NULL,NULL,NULL,NULL,''),(386,587,2,0,2,386,NULL,NULL,NULL,NULL,NULL,NULL,524901,NULL,NULL,NULL,''),(387,587,2,0,2,387,NULL,NULL,NULL,NULL,NULL,NULL,524901,NULL,NULL,NULL,''),(388,587,2,0,0,0,NULL,NULL,NULL,NULL,NULL,NULL,NULL,NULL,NULL,NULL,''),(389,587,2,0,0,0,NULL,NULL,NULL,NULL,NULL,NULL,NULL,NULL,NULL,NULL,''),(390,587,2,0,0,0,NULL,NULL,NULL,NULL,NULL,NULL,NULL,NULL,NULL,NULL,''),(391,587,2,0,0,0,NULL,NULL,NULL,NULL,NULL,NULL,524901,NULL,NULL,NULL,''),(392,587,2,0,0,0,NULL,NULL,NULL,NULL,NULL,NULL,NULL,NULL,NULL,NULL,''),(393,587,2,0,0,0,NULL,NULL,NULL,NULL,NULL,NULL,524901,NULL,NULL,NULL,''),(394,587,2,0,0,0,NULL,NULL,NULL,NULL,NULL,NULL,524901,NULL,NULL,NULL,''),(395,587,2,0,0,0,NULL,NULL,NULL,NULL,NULL,NULL,524901,NULL,NULL,NULL,''),(396,581,2,1,0,0,8387.000,'RUB','DCJSPC',1484945940,1487143200,1487245200,524901,758,NULL,NULL,'Аааааа!!'),(397,581,2,1,0,0,6549.000,'RUB','DFB2FU',1484945940,1487127000,1487146800,524901,5135,NULL,NULL,''),(398,581,2,1,0,0,2004.000,'RUB','DHD6DG',1485464340,1487143200,1487148300,NULL,7865,NULL,NULL,''),(399,603,2,1,0,0,30063.000,'RUB','KDJJMM',1485118740,1485513300,1485942000,524901,5930,NULL,NULL,'Про себя и у нас нет в наличии есть ли в порядке с с лого в в в и в двадцать раз быстрее не не знаю как ты себя и у нас нет в наличии есть ли в порядке с документами все равно'),(402,608,2,0,0,0,24146.000,'RUB',NULL,1485550740,NULL,NULL,524901,5930,NULL,NULL,''),(403,612,2,0,0,0,NULL,NULL,NULL,NULL,NULL,NULL,524901,NULL,NULL,NULL,''),(404,613,2,1,0,0,2785.000,'RUB','XVKCT7',1485204540,1486798500,1486804500,524901,5930,NULL,NULL,''),(405,613,2,1,0,0,6549.000,'RUB','P0LJ66',1485032340,1487127000,1487146800,524901,5135,NULL,NULL,''),(406,614,2,0,0,0,NULL,NULL,NULL,NULL,NULL,NULL,NULL,NULL,NULL,NULL,''),(407,614,2,0,1,407,45453.000,'RUB',NULL,NULL,1487278800,1484901212,524901,758,NULL,NULL,''),(408,613,2,0,2,408,NULL,NULL,NULL,NULL,NULL,NULL,524901,NULL,NULL,NULL,''),(409,615,2,1,1,409,3242343.000,'RUB','DDSSSS',NULL,1487192400,1484902127,524901,758,NULL,NULL,'вапоавпоав пррвырвпкрвполварпалворпы ва рплоарп'),(411,616,2,1,0,0,8500.000,'RUB','PZ6BG6',1485032340,1486075200,1486536000,524901,5135,NULL,NULL,''),(412,614,2,1,0,0,1685.000,'RUB','XVM99Z',1484919780,1485759000,1485765000,524901,758,NULL,NULL,''),(413,616,2,1,0,0,14134.000,'RUB','S07PS8',1485550740,1489232100,1489974300,524901,5135,NULL,NULL,''),(414,614,2,1,0,0,15189.000,'RUB','S7Z2MC',1485010800,1485758700,1485792300,524901,5135,NULL,NULL,''),(415,607,2,1,0,0,3685.000,'RUB','XVMP29',1484923920,1487085300,1487094600,524901,758,NULL,NULL,''),(416,619,2,3,0,0,13565.000,'RUB','SCCMQA',1485550740,1487872800,1488295500,524901,5135,NULL,NULL,''),(417,620,2,3,0,0,17465.000,'RUB','SG1DBA',1485550740,1487836500,1488209100,524901,5135,NULL,NULL,''),(418,617,2,0,0,0,NULL,NULL,NULL,NULL,NULL,NULL,524901,NULL,NULL,NULL,''),(419,620,2,0,0,0,NULL,NULL,NULL,NULL,NULL,NULL,524901,NULL,NULL,NULL,''),(420,621,2,0,0,0,59983.000,'RUB',NULL,1485809940,NULL,NULL,524901,5135,NULL,NULL,''),(421,623,3,0,0,0,NULL,NULL,NULL,NULL,NULL,NULL,NULL,NULL,NULL,NULL,''),(422,627,5,0,0,0,NULL,NULL,NULL,NULL,NULL,NULL,NULL,NULL,NULL,NULL,''),(423,628,5,0,0,0,NULL,NULL,NULL,NULL,NULL,NULL,NULL,NULL,NULL,NULL,''),(424,630,2,1,0,0,15780.000,'RUB','B76QVE',1485291540,1486785600,1487864100,524901,5135,NULL,NULL,''),(425,632,2,2,0,0,7800.000,'RUB','NR6DM6',1485377940,1486179000,1487258100,524901,5135,NULL,NULL,''),(426,634,2,0,2,426,NULL,NULL,NULL,NULL,NULL,NULL,524901,NULL,NULL,NULL,'бизнес класс'),(427,639,2,1,1,427,555.000,'RUB','554456',NULL,1487163600,1485262320,524901,758,NULL,NULL,'бизнес'),(428,657,2,0,2,428,92679.000,'RUB',NULL,1487278740,NULL,NULL,524901,5135,NULL,NULL,''),(429,662,2,0,2,429,93038.000,'RUB',NULL,1487192340,NULL,NULL,524901,5135,NULL,NULL,''),(430,664,2,0,2,430,NULL,NULL,NULL,NULL,NULL,NULL,524901,NULL,NULL,NULL,''),(431,668,2,0,0,0,NULL,'RUB',NULL,1485464340,NULL,NULL,NULL,NULL,NULL,NULL,''),(432,668,2,0,0,0,NULL,NULL,NULL,NULL,NULL,NULL,524901,NULL,NULL,NULL,''),(433,668,2,0,2,433,NULL,NULL,NULL,NULL,NULL,NULL,524901,NULL,NULL,NULL,'тест '),(434,668,2,0,0,0,NULL,NULL,NULL,NULL,NULL,NULL,524901,NULL,NULL,NULL,''),(435,668,2,0,0,0,NULL,NULL,NULL,NULL,NULL,NULL,524901,NULL,NULL,NULL,''),(436,668,2,0,2,436,NULL,NULL,NULL,NULL,NULL,NULL,524901,NULL,NULL,NULL,'тест тест тест тест тест тест тест тест '),(437,684,2,0,0,0,NULL,NULL,NULL,NULL,NULL,NULL,524901,NULL,NULL,NULL,''),(438,681,2,0,0,0,NULL,NULL,NULL,NULL,NULL,NULL,NULL,NULL,NULL,NULL,''),(439,681,2,0,0,0,NULL,NULL,NULL,NULL,NULL,NULL,NULL,NULL,NULL,NULL,''),(440,684,2,0,0,0,39942.000,'RUB',NULL,1486069140,NULL,NULL,524901,758,NULL,NULL,''),(441,681,2,0,0,0,7500.000,'RUB',NULL,1485550740,NULL,NULL,524901,5135,NULL,NULL,''),(442,684,2,0,2,442,NULL,NULL,NULL,NULL,NULL,NULL,524901,NULL,NULL,NULL,'test'),(443,684,2,0,0,0,NULL,NULL,NULL,NULL,NULL,NULL,NULL,NULL,NULL,NULL,''),(444,689,2,0,3,444,15222.000,'RUB',NULL,NULL,1486715700,1486731300,524901,5135,NULL,NULL,'Хочу билеты'),(445,689,2,0,3,444,1585555.000,'RUB',NULL,NULL,1486715700,1486731300,524901,5135,NULL,NULL,'Хочу билеты'),(446,691,2,0,2,446,48000.000,'RUB',NULL,NULL,1488056400,1485618300,524901,5135,NULL,NULL,'по возможности, с минимальным количеством пересадок. Спасибо\n\n'),(447,691,2,0,2,446,65000.000,'RUB',NULL,NULL,1488056400,1485618300,524901,758,NULL,NULL,'по возможности, с минимальным количеством пересадок. Спасибо\n\n'),(448,691,2,0,2,446,68000.000,'RUB',NULL,NULL,1488056400,1485618300,524901,758,NULL,NULL,'по возможности, с минимальным количеством пересадок. Спасибо\n\n'),(449,691,2,0,2,446,100000.000,'RUB',NULL,NULL,1488027600,1485589500,524901,5135,NULL,NULL,'по возможности, с минимальным количеством пересадок. Спасибо\n\n'),(450,691,2,0,0,0,NULL,NULL,NULL,NULL,NULL,NULL,NULL,NULL,NULL,NULL,''),(451,691,2,0,0,0,NULL,NULL,NULL,NULL,NULL,NULL,NULL,NULL,NULL,NULL,''),(452,689,2,0,0,0,NULL,NULL,NULL,NULL,NULL,NULL,NULL,NULL,NULL,NULL,''),(453,700,2,0,0,0,NULL,NULL,NULL,NULL,NULL,NULL,NULL,NULL,NULL,NULL,''),(455,694,2,0,0,0,NULL,NULL,NULL,NULL,NULL,NULL,NULL,NULL,NULL,NULL,''),(456,694,2,0,0,0,7000.000,'RUB',NULL,1485809940,NULL,NULL,524901,5135,NULL,NULL,''),(457,700,2,0,0,0,5000.000,'RUB',NULL,1486414740,NULL,NULL,524901,5135,NULL,NULL,''),(458,707,2,0,0,0,NULL,NULL,NULL,NULL,NULL,NULL,524901,NULL,NULL,NULL,''),(459,708,2,0,0,0,NULL,NULL,NULL,NULL,NULL,NULL,NULL,NULL,NULL,NULL,''),(460,710,2,0,0,0,NULL,NULL,NULL,NULL,NULL,NULL,524901,NULL,NULL,NULL,''),(461,706,2,0,0,0,NULL,NULL,NULL,NULL,NULL,NULL,524901,NULL,NULL,NULL,''),(462,711,2,0,0,0,NULL,NULL,NULL,NULL,NULL,NULL,524901,NULL,NULL,NULL,''),(463,713,2,0,0,0,NULL,NULL,NULL,NULL,NULL,NULL,524901,NULL,NULL,NULL,''),(464,714,2,0,0,0,NULL,NULL,NULL,NULL,NULL,NULL,NULL,NULL,NULL,NULL,''),(465,715,2,0,0,0,NULL,NULL,NULL,NULL,NULL,NULL,NULL,NULL,NULL,NULL,''),(466,701,2,0,2,466,NULL,NULL,NULL,NULL,NULL,NULL,524901,NULL,NULL,NULL,'С уважением менеджер по работе с клиентами ООО ТД в этом месяце не могу найти у меня за окном нет и мое преимущество в том что я\n'),(467,719,2,0,0,0,NULL,NULL,NULL,NULL,NULL,NULL,524901,NULL,NULL,NULL,''),(468,720,2,0,2,468,NULL,NULL,NULL,NULL,1486501200,1483339500,NULL,4187,NULL,NULL,'шшг'),(469,719,2,0,0,0,NULL,NULL,NULL,NULL,NULL,NULL,524901,NULL,NULL,NULL,''),(470,721,2,0,0,0,5645.000,'RUB',NULL,1485855840,NULL,NULL,524901,5930,NULL,NULL,''),(471,722,2,0,0,0,NULL,NULL,NULL,NULL,NULL,NULL,524901,NULL,NULL,NULL,''),(472,723,2,0,3,472,5334.000,'RUB',NULL,NULL,1487624400,1485855960,524901,758,NULL,NULL,'xcvcxvcxvxcv xfb z gsd gdf gdfg'),(473,723,2,0,3,472,454.000,'RUB',NULL,NULL,1487624400,1485855960,524901,758,NULL,NULL,'xcvcxvcxvxcv xfb z gsd gdf gdfg'),(474,723,2,0,0,0,NULL,NULL,NULL,NULL,NULL,NULL,524901,NULL,NULL,NULL,''),(475,726,2,1,0,0,10500.000,'RUB','8D41H4',1486501140,1487993400,1488427200,524901,5135,NULL,NULL,''),(476,726,2,1,0,0,2184.000,'RUB','XDP8KN',1485870660,1486050300,1486057200,524901,5930,NULL,NULL,''),(477,727,2,0,0,0,NULL,NULL,NULL,NULL,NULL,NULL,NULL,NULL,NULL,NULL,''),(478,729,2,0,1,478,345.000,'RUB',NULL,NULL,1487192400,1485865920,2988507,515,NULL,NULL,''),(479,730,2,1,0,0,47428.000,'RUB','8QT6H8',1487537940,1487481300,1487496600,524901,5135,NULL,NULL,''),(480,731,2,0,0,0,NULL,NULL,NULL,NULL,NULL,NULL,NULL,NULL,NULL,NULL,''),(481,732,2,0,0,0,NULL,NULL,NULL,NULL,NULL,NULL,NULL,NULL,NULL,NULL,''),(482,733,2,0,0,0,NULL,NULL,NULL,NULL,NULL,NULL,NULL,NULL,NULL,NULL,''),(483,733,2,0,0,0,NULL,NULL,NULL,NULL,NULL,NULL,NULL,NULL,NULL,NULL,''),(484,738,2,0,3,484,25000.000,'RUB',NULL,NULL,1488056400,1487349000,524901,5135,6433,6433,'как можно меньше пересадок'),(485,738,2,0,3,484,50000.000,'RUB',NULL,NULL,1488088800,1488142200,524901,5135,6433,6433,'как можно меньше пересадок'),(486,738,2,0,3,484,23000.000,'RUB',NULL,NULL,1488088800,1488142200,524901,5135,6433,6433,'как можно меньше пересадок'),(487,748,2,0,2,487,0.000,'RUB',NULL,NULL,1485908400,1488140100,NULL,6188,6188,6188,'побыстрее'),(488,749,2,0,0,0,NULL,NULL,NULL,NULL,NULL,NULL,524901,NULL,NULL,NULL,''),(489,750,2,1,0,0,9300.000,'RUB','L334GW',1486155540,1487429700,1488031200,524901,5135,5135,5135,''),(490,751,2,1,0,0,3500.000,'RUB','MWJFZY',1486587540,1489116600,1489122900,524901,5135,1995,1995,''),(491,751,2,1,0,0,21777.000,'RUB','MXW4LW',1486587540,1490849400,1492017000,524901,5135,5930,5930,''),(492,752,2,1,0,0,24003.000,'RUB','N29SQU',1486587540,1487915100,1488313200,524901,5135,5135,5135,''),(493,752,2,1,0,0,19647.000,'RUB','N31K0M',1486587540,1492156800,1492794600,524901,5930,5930,5930,''),(494,752,2,1,0,0,24003.000,'RUB','N43BD8',1486587540,1487915100,1488313200,524901,5135,5135,5135,''),(495,752,2,1,0,0,24003.000,'RUB','N9N3PI',1486587540,1489643100,1490451900,524901,5135,5135,5135,''),(496,752,2,1,0,0,4285.000,'RUB','XDCF7X',1485968100,1489126500,1489130100,524901,758,2336,2336,''),(497,752,2,0,0,0,29835.000,'RUB',NULL,1490389140,NULL,NULL,524901,758,1006,1006,''),(498,753,2,0,3,498,9000.000,'RUB',NULL,NULL,1487278800,1487282700,524901,758,4558,4558,'А почему ты мне прислал не не не в счёт еще раз сбросить на на на на данную должность не могу наверняка не могу наверняка в в в большой кусок в двадцать первом этаже на две стороны крупного города на данную задачу'),(499,756,2,0,0,0,NULL,NULL,NULL,NULL,NULL,NULL,NULL,NULL,NULL,NULL,''),(503,759,2,0,3,503,57000.000,'RUB',NULL,NULL,1490770800,1490818200,524901,5135,5883,5883,'тест\n'),(504,759,2,0,3,503,75000.000,'RUB',NULL,NULL,1490770800,1490878200,524901,5135,5883,5883,'тест\n'),(505,765,2,0,0,0,NULL,NULL,NULL,NULL,NULL,NULL,524901,NULL,NULL,NULL,''),(506,770,2,1,0,0,42958.000,'RUB','TDFKN0',1486673940,1490935800,1490949900,524901,5135,515,515,''),(507,773,2,0,0,0,17142.000,'RUB',NULL,1486673940,NULL,NULL,524901,5135,8040,8040,''),(508,776,2,0,0,0,16731.000,'RUB',NULL,1486673940,NULL,NULL,524901,5135,2215,2215,''),(509,776,2,0,0,0,NULL,'RUB',NULL,1486673940,NULL,NULL,NULL,NULL,NULL,NULL,''),(510,778,2,0,0,0,563304.000,'RUB',NULL,1486760340,1487223000,NULL,524901,758,5135,5135,''),(511,779,2,0,0,0,171170.000,'RUB',NULL,1488488340,NULL,NULL,524901,5135,5135,5135,''),(512,780,2,0,0,0,NULL,'RUB',NULL,1486587540,NULL,NULL,NULL,NULL,7794,7794,''),(513,781,2,0,0,0,3250.000,'RUB',NULL,1486760340,NULL,NULL,524901,5135,2159,2159,''),(514,781,2,0,0,0,NULL,NULL,NULL,NULL,NULL,NULL,NULL,NULL,NULL,NULL,''),(515,783,2,0,0,0,NULL,NULL,NULL,NULL,NULL,NULL,524901,NULL,NULL,NULL,''),(516,784,2,0,3,516,35000.000,'RUB',NULL,NULL,1487955300,1488041400,5128581,1488,5135,5135,'А почему ты так не бывает в в большой длиной не не не в платеже не было таких зарплат не знаю как ты'),(517,785,2,1,0,0,7000.000,'RUB','2LCCW8',1486241940,1487302200,1487964300,524901,5135,5135,5135,''),(518,784,2,0,3,516,45000.000,'RUB',NULL,NULL,1487955300,1488041400,5128581,1488,515,515,'А почему ты так не бывает в в большой длиной не не не в платеже не было таких зарплат не знаю как ты'),(519,784,2,0,3,516,64000.000,'RUB',NULL,NULL,1487350200,1488041400,524901,5135,5135,5135,'А почему ты так не бывает в в большой длиной не не не в платеже не было таких зарплат не знаю как ты'),(520,786,2,0,0,0,NULL,NULL,NULL,NULL,NULL,NULL,NULL,NULL,NULL,NULL,''),(521,798,2,0,3,521,48000.000,'RUB',NULL,NULL,1488429300,1492174500,524901,5135,5135,5135,''),(522,798,2,0,3,521,55000.000,'RUB',NULL,NULL,1488429300,1492174500,524901,5135,5135,5135,''),(523,799,2,1,0,0,3500.000,'RUB','4DM6RU',1486241940,1487302200,1487308500,524901,5135,1995,1995,''),(524,799,2,0,0,0,36270.000,'RUB',NULL,1486414740,NULL,NULL,524901,758,3621,3621,''),(525,809,2,0,2,525,NULL,NULL,NULL,NULL,NULL,NULL,524901,NULL,1995,1995,''),(526,809,2,0,0,0,NULL,NULL,NULL,NULL,NULL,NULL,NULL,NULL,NULL,NULL,''),(527,811,2,1,0,0,30285.000,'RUB','NPQ3TE',1486501140,1490951100,1493624100,524901,5930,5930,5930,''),(528,811,2,0,0,0,NULL,'RUB',NULL,1486933140,NULL,NULL,NULL,NULL,NULL,NULL,''),(529,811,2,1,0,0,11234.000,'RUB','NSBRCY',1486673940,1489735800,1489769700,524901,5930,515,515,''),(530,810,2,0,0,0,11735.000,'RUB',NULL,1486673940,NULL,NULL,524901,5930,515,515,''),(531,813,2,0,0,0,NULL,NULL,NULL,NULL,NULL,NULL,524901,NULL,3621,3621,''),(532,811,2,0,2,532,NULL,NULL,NULL,NULL,NULL,NULL,524901,NULL,3621,3621,''),(533,814,2,0,0,0,NULL,NULL,NULL,NULL,NULL,NULL,524901,NULL,NULL,NULL,''),(534,815,2,1,0,0,11034.000,'RUB','P0W44U',1487019540,1489146600,1489159500,524901,5135,3056,3056,''),(535,815,2,1,0,0,3500.000,'RUB','P0SWQO',1486501140,1487211600,1487217600,499099,1995,5135,5135,''),(536,815,2,1,0,0,5350.000,'RUB','P1PCBW',1487019540,1490367300,1490373600,524901,5135,1995,1995,''),(537,815,2,1,0,0,17220.000,'RUB','P1MMVK',1486673940,1491469500,1491519600,524901,5930,3621,3621,''),(538,815,2,1,0,0,24003.000,'RUB','P9L302',1487019540,1489729500,1490366700,524901,5135,5135,5135,''),(539,815,2,1,0,0,24386.000,'RUB','PBCQ9M',1486630800,1491448200,1492082100,524901,5135,5135,5135,''),(540,811,2,0,0,0,NULL,NULL,NULL,NULL,NULL,NULL,524901,NULL,2159,2159,''),(541,821,2,0,0,0,NULL,NULL,NULL,NULL,NULL,NULL,NULL,NULL,NULL,NULL,''),(542,821,2,3,0,0,5813.000,'RUB','PVSTD8',1489611540,1489544400,1489564800,524901,758,2118,2118,''),(543,822,2,0,0,0,NULL,NULL,NULL,NULL,NULL,NULL,NULL,NULL,NULL,NULL,''),(545,815,2,0,0,0,21479.000,'RUB',NULL,1487019540,NULL,NULL,524901,5135,515,515,''),(546,815,2,0,0,0,6636.000,'RUB',NULL,1498856340,NULL,NULL,524901,758,3569,3569,''),(547,826,2,0,0,0,171608.000,'RUB',NULL,1488833940,NULL,NULL,524901,5135,1006,1006,''),(548,827,2,0,0,0,NULL,NULL,NULL,NULL,NULL,NULL,NULL,NULL,NULL,NULL,''),(549,828,2,0,0,0,2785.000,'RUB',NULL,1486477680,NULL,NULL,524901,5930,1995,1995,''),(550,811,2,0,0,0,8050.000,'RUB',NULL,1487019540,NULL,NULL,524901,5135,2159,2159,''),(551,830,2,0,0,0,NULL,'RUB',NULL,1487019540,NULL,NULL,NULL,NULL,NULL,NULL,''),(552,831,2,0,0,0,1645.000,'RUB',NULL,1486543260,NULL,NULL,524901,758,1995,1995,''),(553,832,2,0,0,0,NULL,NULL,NULL,NULL,NULL,NULL,524901,NULL,1995,1995,''),(554,833,2,0,0,0,NULL,'RUB',NULL,1486673940,NULL,NULL,NULL,NULL,NULL,NULL,''),(555,841,2,0,0,0,NULL,NULL,NULL,NULL,NULL,NULL,524901,NULL,NULL,NULL,''),(556,843,2,0,1,556,60000.000,'RUB',NULL,NULL,1491672300,1486463100,524901,758,758,758,'хочу прямые рейсы'),(557,844,2,0,0,0,NULL,NULL,NULL,NULL,NULL,NULL,NULL,NULL,NULL,NULL,''),(558,845,2,0,2,558,2500.000,'RUB',NULL,1487105940,NULL,NULL,524901,5930,2159,2159,'тттааатттаа'),(560,844,2,0,0,0,NULL,NULL,NULL,NULL,NULL,NULL,NULL,NULL,NULL,NULL,''),(561,844,2,0,0,0,NULL,NULL,NULL,NULL,NULL,NULL,524901,NULL,2159,2159,''),(562,846,2,0,0,0,NULL,NULL,NULL,NULL,NULL,NULL,524901,NULL,NULL,NULL,''),(563,847,2,0,0,0,11480.000,'RUB',NULL,1489582740,NULL,NULL,524901,5135,515,515,''),(564,849,2,0,0,0,7000.000,'RUB',NULL,1487077140,NULL,NULL,524901,5135,1995,1995,''),(565,854,2,0,0,0,NULL,NULL,NULL,NULL,NULL,NULL,524901,NULL,53,53,''),(567,844,2,0,0,0,NULL,NULL,NULL,NULL,NULL,NULL,NULL,NULL,NULL,NULL,''),(568,844,2,0,0,0,NULL,NULL,NULL,NULL,NULL,NULL,NULL,NULL,NULL,NULL,''),(569,866,2,0,0,0,NULL,NULL,NULL,NULL,NULL,NULL,524901,NULL,53,53,''),(570,869,2,0,2,570,NULL,NULL,NULL,NULL,NULL,NULL,524901,NULL,1718,1718,''),(571,870,2,0,0,0,6500.000,'RUB',NULL,1487170740,NULL,NULL,524901,5135,5429,5429,''),(572,871,2,0,3,572,7000.000,'RUB',NULL,NULL,1491697500,1491707100,524901,5135,53,53,''),(573,871,2,0,3,572,9000.000,'RUB',NULL,NULL,1491701400,1491711000,524901,5135,53,53,''),(574,871,2,0,3,572,10000.000,'RUB',NULL,NULL,1491705000,1491714600,524901,5135,53,53,''),(575,872,2,0,0,0,NULL,NULL,NULL,NULL,NULL,NULL,524901,NULL,53,53,''),(576,874,2,0,1,576,7000.000,'RUB',NULL,NULL,1491687000,1491696000,524901,5135,53,53,''),(579,874,3,0,0,0,NULL,NULL,NULL,NULL,NULL,NULL,NULL,NULL,NULL,NULL,''),(580,879,2,0,0,0,4300.000,'RUB',NULL,1487257140,NULL,NULL,524901,5135,1995,1995,''),(581,885,2,0,0,0,24477.000,'RUB',NULL,1486825140,NULL,NULL,524901,758,758,758,'');
/*!40000 ALTER TABLE `trip_service` ENABLE KEYS */;
UNLOCK TABLES;

--
-- Table structure for table `flight_segment`
--

DROP TABLE IF EXISTS `flight_segment`;
/*!40101 SET @saved_cs_client     = @@character_set_client */;
/*!40101 SET character_set_client = utf8 */;
CREATE TABLE `flight_segment` (
  `id` int(11) NOT NULL AUTO_INCREMENT,
  `flight_id` int(11) NOT NULL,
  `num` int(11) NOT NULL,
  `group` int(11) NOT NULL,
  `departureTerminal` varchar(1) DEFAULT NULL,
  `arrivalTerminal` varchar(1) DEFAULT NULL,
  `flightNumber` varchar(6) DEFAULT NULL,
  `departureDate` varchar(20) DEFAULT NULL,
  `arrivalDate` varchar(20) DEFAULT NULL,
  `stopNumber` int(11) DEFAULT NULL,
  `flightTime` int(11) DEFAULT NULL,
  `eTicket` tinyint(1) DEFAULT NULL,
  `bookingClass` varchar(16) DEFAULT NULL,
  `bookingCode` varchar(1) DEFAULT NULL,
  `baggageValue` int(11) DEFAULT NULL,
  `baggageUnit` varchar(16) DEFAULT NULL,
  `depAirportId` int(11) DEFAULT NULL,
  `arrAirportId` int(11) DEFAULT NULL,
  `opCompanyId` int(11) DEFAULT NULL,
  `markCompanyId` int(11) DEFAULT NULL,
  `aircraftId` int(11) DEFAULT NULL,
  `depCityId` int(11) DEFAULT NULL,
  `arrCityId` int(11) DEFAULT NULL,
  `supplierRef` varchar(8) DEFAULT NULL,
  `depTimestamp` int(11) DEFAULT NULL,
  `arrTimestamp` int(11) DEFAULT NULL,
  PRIMARY KEY (`id`),
  KEY `fk_flight_segment_flight` (`flight_id`,`group`,`depTimestamp`) USING BTREE,
  CONSTRAINT `fk_flight_segment_flight` FOREIGN KEY (`flight_id`) REFERENCES `flight_flight` (`id`) ON DELETE CASCADE
) ENGINE=InnoDB AUTO_INCREMENT=1208 DEFAULT CHARSET=utf8;
/*!40101 SET character_set_client = @saved_cs_client */;

--
-- Dumping data for table `flight_segment`
--

LOCK TABLES `flight_segment` WRITE;
/*!40000 ALTER TABLE `flight_segment` DISABLE KEYS */;
INSERT INTO `flight_segment` VALUES (24,10,0,0,NULL,NULL,NULL,'2016-05-12 00:00:00',NULL,NULL,NULL,NULL,'economy',NULL,NULL,NULL,NULL,0,NULL,NULL,NULL,0,NULL,NULL,NULL,NULL),(34,13,0,0,NULL,NULL,NULL,'2016-06-16 00:00:00',NULL,NULL,NULL,NULL,'economy',NULL,NULL,NULL,NULL,NULL,NULL,NULL,NULL,524901,2988507,NULL,NULL,NULL),(35,14,1,0,'D',NULL,'1210','2016-05-05 08:00:00','2016-05-05 10:45:00',0,NULL,1,'economy','N',NULL,NULL,5135,1995,5,5,1,524901,499099,NULL,NULL,NULL),(45,15,1,0,'A','1','325','2016-06-22 13:05:00','2016-06-22 14:25:00',0,NULL,1,'economy','L',NULL,NULL,5930,2069,223,223,72,524901,551487,NULL,NULL,NULL),(100,18,1,0,'D','1','1196','2016-06-06 00:30:00','2016-06-06 02:00:00',0,NULL,1,'economy','T',NULL,NULL,5135,2069,5,5,1,524901,551487,NULL,NULL,NULL),(101,18,2,1,NULL,'1','6596','2016-06-13 03:55:00','2016-06-13 06:10:00',0,NULL,1,'economy','E',NULL,NULL,2069,2159,179,5,2,551487,498817,NULL,NULL,NULL),(102,18,3,1,'1','D','31','2016-06-13 22:50:00','2016-06-14 00:05:00',0,NULL,1,'economy','E',NULL,NULL,2159,5135,5,5,3,498817,524901,NULL,NULL,NULL),(103,16,0,0,'D',NULL,'1360','2016-05-27 09:50:00','2016-05-27 11:30:00',0,100,1,'economy','N',1,'Pieces',5135,4558,5,5,115,524901,498677,NULL,NULL,NULL),(106,19,1,0,NULL,NULL,'264','2016-05-31 06:50:00','2016-05-31 07:20:00',0,150,0,'economy','W',NULL,NULL,5143,758,303,303,2,1486209,524901,NULL,NULL,NULL),(107,12,1,0,NULL,NULL,'261','2016-05-28 10:00:00','2016-05-28 14:20:00',0,140,1,'economy','W',NULL,NULL,758,5143,303,303,2,524901,1486209,NULL,NULL,NULL),(108,12,2,1,NULL,NULL,'264','2016-05-31 06:50:00','2016-05-31 07:20:00',0,150,1,'economy','W',NULL,NULL,5143,758,303,303,2,1486209,524901,NULL,NULL,NULL),(115,20,0,0,'D',NULL,'1408','2016-06-14 23:55:00','2016-06-14 04:10:00',0,135,1,'economy','T',1,'Pieces',5135,5143,5,5,3,524901,1486209,NULL,NULL,NULL),(116,19,0,0,NULL,NULL,'261','2016-05-28 10:00:00','2016-05-29 14:20:00',0,140,0,'economy','W',NULL,NULL,758,5143,303,303,2,524901,1486209,NULL,NULL,NULL),(121,22,1,0,NULL,'A','2931','2016-05-29 08:25:00','2016-05-29 10:05:00',0,220,0,'economy','W',1,'Pieces',5143,4822,303,303,1,1486209,693805,NULL,NULL,NULL),(122,22,2,1,'B',NULL,'2832','2016-05-30 12:35:00','2016-05-30 15:05:00',0,150,0,'economy','W',1,'Pieces',4822,758,303,303,3,693805,524901,NULL,NULL,NULL),(124,22,0,0,NULL,NULL,'261','2016-05-28 10:00:00','2016-05-29 14:20:00',0,140,0,'economy','W',1,'Pieces',758,5143,303,303,2,524901,1486209,NULL,NULL,NULL),(130,21,0,0,'D',NULL,'1710','2016-05-28 17:20:00','2016-05-28 07:45:00',0,445,1,'economy','B',1,'Pieces',5135,1752,5,5,20,524901,2022890,NULL,NULL,NULL),(133,24,1,0,NULL,NULL,'22','2016-06-16 08:35:00','2016-06-16 10:05:00',0,90,1,'economy','O',NULL,NULL,758,4558,1049,1808,122,524901,498677,NULL,NULL,NULL),(135,8,0,0,'D',NULL,'1602','2016-06-15 06:35:00','2016-06-15 09:15:00',0,100,1,'economy','T',1,'Pieces',5135,1995,5,5,115,524901,499099,NULL,NULL,NULL),(140,25,2,0,'1',NULL,'944','2016-06-22 05:35:00','2016-06-22 07:00:00',0,85,1,'economy','S',20,'Kilograms',2159,7066,58,58,22,498817,NULL,NULL,NULL,NULL),(141,25,3,1,NULL,NULL,'957','2016-06-22 08:45:00','2016-06-22 10:05:00',0,80,1,'economy','S',20,'Kilograms',7066,758,58,58,72,NULL,524901,NULL,NULL,NULL),(144,25,1,0,NULL,'1','941','2016-06-15 08:30:00','2016-06-15 09:45:00',0,75,1,'economy','S',20,'Kilograms',7066,2159,58,58,72,NULL,498817,NULL,NULL,NULL),(147,25,0,0,NULL,NULL,'954','2016-06-15 05:40:00','2016-06-15 07:00:00',0,80,1,'economy','S',20,'Kilograms',758,7066,58,58,72,524901,NULL,NULL,NULL,NULL),(148,17,1,0,NULL,NULL,'148','2016-06-24 06:20:00','2016-06-24 08:10:00',0,110,0,'economy','W',NULL,NULL,4512,758,303,303,1,501175,524901,NULL,NULL,NULL),(150,17,0,0,NULL,NULL,'141','2016-06-22 09:25:00','2016-06-22 11:20:00',0,115,0,'economy','W',NULL,NULL,758,4512,303,303,2,524901,501175,NULL,NULL,NULL),(152,27,0,0,NULL,NULL,NULL,'2016-06-27 00:00:00',NULL,NULL,NULL,NULL,'economy',NULL,NULL,NULL,NULL,1191,NULL,NULL,NULL,524901,361291,NULL,NULL,NULL),(169,29,0,0,NULL,NULL,NULL,'2016-05-27 00:00:00',NULL,NULL,NULL,NULL,'economy',NULL,NULL,NULL,NULL,1995,NULL,NULL,NULL,524901,499099,NULL,NULL,NULL),(175,23,0,0,NULL,NULL,NULL,'2016-05-29 00:00:00',NULL,NULL,NULL,NULL,'economy',NULL,NULL,NULL,758,4822,NULL,NULL,NULL,524901,693805,NULL,NULL,NULL),(176,23,0,0,NULL,NULL,NULL,'2016-05-29 00:00:00',NULL,NULL,NULL,NULL,'economy',NULL,NULL,NULL,4822,1995,NULL,NULL,NULL,693805,499099,NULL,NULL,NULL),(178,30,0,0,NULL,NULL,NULL,'2016-05-29 00:00:00',NULL,NULL,NULL,NULL,'economy',NULL,NULL,NULL,NULL,1995,NULL,NULL,NULL,524901,499099,NULL,NULL,NULL),(191,26,1,0,NULL,'A','2895','2016-05-29 08:05:00','2016-05-29 10:35:00',0,NULL,1,'economy','X',NULL,NULL,758,4822,303,303,3,524901,693805,NULL,NULL,NULL),(199,32,1,0,NULL,NULL,'885','2016-06-16 15:30:00','2016-06-16 18:40:00',0,NULL,1,'economy','P',NULL,NULL,758,4627,1822,1822,42,524901,745044,NULL,NULL,NULL),(200,32,2,0,NULL,NULL,'743','2016-06-16 23:35:00','2016-06-17 01:10:00',0,NULL,1,'economy','P',NULL,NULL,4627,7719,1822,1822,42,745044,NULL,NULL,NULL,NULL),(202,35,0,0,NULL,NULL,NULL,'2016-06-10 00:00:00',NULL,NULL,NULL,NULL,'economy',NULL,NULL,NULL,NULL,1995,NULL,NULL,NULL,524901,499099,NULL,NULL,NULL),(203,36,0,0,NULL,NULL,NULL,'2016-06-16 00:00:00',NULL,NULL,NULL,NULL,'economy',NULL,NULL,NULL,NULL,53,NULL,NULL,NULL,524901,584243,NULL,NULL,NULL),(204,37,0,0,NULL,NULL,NULL,'2016-06-16 00:00:00',NULL,NULL,NULL,NULL,'economy',NULL,NULL,NULL,NULL,1995,NULL,NULL,NULL,524901,499099,NULL,NULL,NULL),(211,38,1,0,'D',NULL,'1208','2016-07-14 09:45:00','2016-07-14 12:25:00',0,NULL,1,'economy','T',NULL,NULL,5135,1995,5,5,115,524901,499099,NULL,NULL,NULL),(212,39,1,0,'D','1','10','2016-07-02 08:25:00','2016-07-02 09:45:00',0,NULL,1,'economy','L',NULL,NULL,5135,2159,5,5,1,524901,498817,NULL,NULL,NULL),(215,42,1,0,'D',NULL,'1158','2016-06-29 06:30:00','2016-06-29 08:25:00',0,NULL,1,'economy','N',NULL,NULL,5135,4512,5,5,1,524901,501175,NULL,NULL,NULL),(216,42,2,0,NULL,'A','5152','2016-06-29 14:00:00','2016-06-29 15:40:00',0,NULL,1,'economy','N',NULL,NULL,4512,4822,6,5,2,501175,693805,NULL,NULL,NULL),(218,43,1,0,'D','1','22','2016-06-25 15:25:00','2016-06-25 16:45:00',0,NULL,1,'economy','T',NULL,NULL,5135,2159,5,5,1,524901,498817,NULL,NULL,NULL),(220,46,0,0,'D',NULL,'1602','2016-06-26 06:35:00','2016-06-26 09:15:00',0,100,1,'economy','T',1,'Pieces',5135,1995,5,5,1,524901,499099,NULL,NULL,NULL),(221,47,1,0,NULL,'D','1407','2016-06-26 08:20:00','2016-06-26 08:45:00',0,145,1,'economy','T',1,'Pieces',5143,5135,5,5,3,1486209,524901,NULL,NULL,NULL),(223,47,0,0,'D',NULL,'1408','2016-06-25 23:55:00','2016-06-26 04:10:00',0,135,1,'economy','T',1,'Pieces',5135,5143,5,5,3,524901,1486209,NULL,NULL,NULL),(224,48,1,0,NULL,NULL,'261','2016-06-26 10:00:00','2016-06-26 14:20:00',0,NULL,1,'economy','U',NULL,NULL,758,5143,303,303,1,524901,1486209,NULL,NULL,NULL),(226,49,1,0,NULL,NULL,'1410','2016-06-26 06:50:00','2016-06-26 11:10:00',0,140,1,'economy','T',NULL,NULL,5135,5143,5,5,1,524901,1486209,NULL,NULL,NULL),(229,51,1,0,NULL,NULL,'4452','2016-07-14 06:20:00','2016-07-14 09:20:00',0,240,1,'economy','N',NULL,NULL,5135,515,20,5,2,524901,2988507,NULL,NULL,NULL),(230,51,2,1,NULL,NULL,'6638','2016-07-21 15:30:00','2016-07-21 20:10:00',0,220,1,'economy','N',NULL,NULL,3569,5930,179,5,97,2988507,524901,NULL,NULL,NULL),(231,50,1,0,NULL,NULL,'991','2016-07-07 13:50:00','2016-07-07 16:20:00',0,210,1,'economy','O',NULL,NULL,758,791,1828,194,42,524901,2934246,NULL,NULL,NULL),(232,50,2,0,NULL,NULL,'7480','2016-07-07 17:05:00','2016-07-07 19:30:00',0,505,1,'economy','E',NULL,NULL,791,1488,16,16,35,2934246,5128581,NULL,NULL,NULL),(235,50,3,1,NULL,NULL,'7451','2016-07-14 17:25:00','2016-07-15 06:50:00',0,445,1,'economy','E',NULL,NULL,1488,791,16,16,35,5128581,2934246,NULL,NULL,NULL),(236,50,4,1,NULL,NULL,'992','2016-07-15 17:10:00','2016-07-15 21:15:00',0,185,1,'economy','O',NULL,NULL,791,758,1828,194,42,2934246,524901,NULL,NULL,NULL),(240,52,0,0,NULL,NULL,'37','2016-10-21 01:05:00','2016-10-21 02:40:00',0,NULL,1,'economy','O',1,'Pieces',758,2159,194,194,NULL,524901,498817,NULL,NULL,NULL),(242,54,0,0,NULL,NULL,'23','2016-07-14 06:15:00','2016-07-14 07:45:00',0,90,0,'economy','O',1,'Pieces',4558,758,1808,1808,122,498677,524901,NULL,NULL,NULL),(244,55,0,0,'D','1','36','2016-06-24 01:35:00','2016-06-24 02:50:00',0,75,1,'economy','N',1,'Pieces',5135,2159,5,5,1,524901,498817,NULL,NULL,NULL),(245,56,1,0,'A',NULL,'357','2016-07-22 16:10:00','2016-07-22 18:45:00',0,NULL,1,'economy','K',NULL,NULL,5930,1995,223,223,72,524901,499099,NULL,NULL,NULL),(246,56,2,1,NULL,'A','358','2016-07-29 20:05:00','2016-07-29 20:30:00',0,NULL,1,'economy','K',NULL,NULL,1995,5930,223,223,72,499099,524901,NULL,NULL,NULL),(247,57,1,0,NULL,NULL,'6011','2016-06-30 06:30:00','2016-06-30 08:00:00',0,90,1,'economy','Q',NULL,NULL,5930,2159,179,5,42,524901,498817,NULL,NULL,NULL),(251,58,0,0,'D',NULL,'1210','2016-07-23 08:00:00','2016-07-23 10:45:00',0,105,1,'economy','N',1,'Pieces',5135,1995,5,5,138,524901,499099,NULL,NULL,NULL),(253,59,0,0,NULL,NULL,'33','2016-07-15 10:15:00','2016-07-15 12:55:00',0,NULL,1,'economy','O',1,'Pieces',758,1995,194,194,NULL,524901,499099,NULL,NULL,NULL),(260,60,0,0,NULL,NULL,NULL,'2016-07-30 00:00:00',NULL,NULL,NULL,NULL,'economy',NULL,NULL,NULL,NULL,NULL,NULL,NULL,NULL,524901,1816670,NULL,NULL,NULL),(261,61,1,0,NULL,NULL,'181','2016-07-22 17:20:00','2016-07-23 00:15:00',0,235,1,'economy','W',NULL,NULL,758,3621,194,194,1,524901,1496747,NULL,NULL,NULL),(262,61,2,0,NULL,NULL,'3287','2016-07-23 10:50:00','2016-07-23 13:20:00',0,150,1,'economy','W',NULL,NULL,3621,111,194,194,1,1496747,1526384,NULL,NULL,NULL),(263,61,3,1,NULL,NULL,'3288','2016-07-30 14:20:00','2016-07-30 16:40:00',0,140,1,'economy','W',NULL,NULL,111,3621,194,194,1,1526384,1496747,NULL,NULL,NULL),(264,61,4,1,NULL,NULL,'178','2016-07-31 06:20:00','2016-07-31 07:35:00',0,255,1,'economy','W',NULL,NULL,3621,758,1828,194,42,1496747,524901,NULL,NULL,NULL),(265,62,1,0,NULL,NULL,'1602','2016-06-30 06:35:00','2016-06-30 09:15:00',0,100,1,'economy','E',NULL,NULL,5135,1995,5,5,1,524901,499099,NULL,NULL,NULL),(266,62,2,1,NULL,NULL,'1215','2016-07-23 21:05:00','2016-07-23 21:45:00',0,100,1,'economy','N',NULL,NULL,1995,5135,5,5,138,499099,524901,NULL,NULL,NULL),(267,63,1,0,NULL,NULL,'135','2016-07-06 08:40:00','2016-07-06 11:45:00',0,NULL,1,'economy','K',NULL,NULL,758,5931,1755,1755,22,524901,1486910,NULL,NULL,NULL),(268,64,1,0,NULL,NULL,'1208','2016-06-30 09:45:00','2016-06-30 12:25:00',0,100,1,'economy','E',NULL,NULL,5135,1995,5,5,115,524901,499099,NULL,NULL,NULL),(269,65,1,0,NULL,NULL,'24','2016-07-21 21:05:00','2016-07-21 22:30:00',0,85,1,'economy','O',NULL,NULL,758,4558,1049,1808,122,524901,498677,NULL,NULL,NULL),(270,65,2,1,NULL,NULL,'25','2016-07-30 18:00:00','2016-07-30 19:30:00',0,90,1,'economy','O',NULL,NULL,4558,758,1049,1808,122,498677,524901,NULL,NULL,NULL),(273,66,1,0,NULL,NULL,'24','2016-06-26 21:05:00','2016-06-26 22:30:00',0,85,1,'economy','O',NULL,NULL,758,4558,1049,1808,122,524901,498677,NULL,NULL,NULL),(275,66,2,1,NULL,NULL,'23','2016-07-24 06:15:00','2016-07-24 07:45:00',0,90,1,'economy','O',NULL,NULL,4558,758,1049,1808,122,498677,524901,NULL,NULL,NULL),(277,67,0,0,NULL,NULL,NULL,'2016-07-14 00:00:00',NULL,NULL,NULL,NULL,'economy',NULL,NULL,NULL,NULL,2159,NULL,NULL,NULL,524901,498817,NULL,NULL,NULL),(278,67,0,0,NULL,NULL,NULL,'2016-07-21 00:00:00',NULL,NULL,NULL,NULL,'economy',NULL,NULL,NULL,2159,NULL,NULL,NULL,NULL,498817,524901,NULL,NULL,NULL),(291,70,1,1,'1','A','6022','2016-07-23 08:00:00','2016-07-23 09:30:00',0,90,1,'economy','N',1,'Pieces',2159,5930,5,5,2,498817,524901,NULL,NULL,NULL),(293,70,0,0,'A','1','6011','2016-07-21 06:30:00','2016-07-21 08:00:00',0,90,1,'economy','E',1,'Pieces',5930,2159,5,5,42,524901,498817,NULL,NULL,NULL),(294,73,0,0,NULL,NULL,NULL,'2016-07-18 00:00:00',NULL,NULL,NULL,NULL,'economy',NULL,NULL,NULL,NULL,2159,NULL,NULL,NULL,524901,498817,NULL,NULL,NULL),(295,74,1,0,NULL,NULL,'1025','2016-07-14 08:20:00','2016-07-14 10:40:00',0,140,1,'economy','W',NULL,NULL,758,53,194,194,1,524901,584243,NULL,NULL,NULL),(308,75,0,0,'D',NULL,'1400','2016-07-19 08:30:00','2016-07-19 12:45:00',0,135,1,'economy','N',2,'Pieces',5135,5143,5,5,138,524901,1486209,NULL,1468906200,1468914300),(309,75,1,1,NULL,'D','1405','2016-07-21 21:00:00','2016-07-21 21:30:00',0,150,1,'economy','N',2,'Pieces',5143,5135,5,5,3,1486209,524901,NULL,1469116800,1469125800),(310,77,0,0,'A','1','6050','2016-07-05 00:55:00','2016-07-05 02:25:00',0,90,1,'economy','T',2,'Pieces',5930,2159,5,5,2,524901,498817,NULL,1467669300,1467674700),(311,77,1,0,'1',NULL,'6979','2016-07-05 19:20:00','2016-07-06 02:00:00',0,280,1,'economy','T',2,'Pieces',2159,4860,5,5,2,498817,1216265,NULL,1467735600,1467752400),(312,77,2,1,NULL,'1','6980','2016-07-08 03:30:00','2016-07-08 06:40:00',0,310,1,'economy','T',2,'Pieces',4860,2159,5,5,2,1216265,498817,NULL,1467930600,1467949200),(313,77,3,1,'1','A','6024','2016-07-08 21:20:00','2016-07-08 22:50:00',0,90,1,'economy','T',2,'Pieces',2159,5930,5,5,42,498817,524901,NULL,1468002000,1468007400),(314,41,0,0,NULL,NULL,NULL,'2016-08-18 00:00:00',NULL,NULL,NULL,NULL,'economy',NULL,NULL,NULL,NULL,2159,NULL,NULL,NULL,524901,498817,NULL,NULL,NULL),(316,82,0,0,'D',NULL,'1602','2016-07-30 06:35:00','2016-07-30 09:15:00',0,100,1,'economy','N',1,'Pieces',5135,1995,5,5,1,524901,499099,NULL,1469849700,1469859300),(319,96,0,0,'D',NULL,'1360','2016-07-30 09:50:00','2016-07-30 11:30:00',0,100,1,'economy','T',1,'Pieces',5135,4558,5,5,115,524901,498677,'JVHHGO',1469861400,1469867400),(320,98,1,0,NULL,NULL,'1602','2016-08-28 06:35:00','2016-08-28 09:15:00',0,100,1,'economy','N',NULL,NULL,5135,1995,5,5,1,524901,499099,NULL,NULL,NULL),(325,99,0,0,NULL,NULL,NULL,'2016-08-10 00:00:00',NULL,NULL,NULL,NULL,'economy',NULL,NULL,NULL,NULL,7066,NULL,NULL,NULL,524901,NULL,NULL,NULL,NULL),(326,99,1,1,NULL,NULL,NULL,'2016-09-21 00:00:00',NULL,NULL,NULL,NULL,'economy',NULL,NULL,NULL,7066,NULL,NULL,NULL,NULL,NULL,524901,NULL,NULL,NULL),(333,104,0,0,NULL,NULL,NULL,'2016-08-20 00:00:00',NULL,NULL,NULL,NULL,'economy',NULL,NULL,NULL,NULL,1995,NULL,NULL,NULL,524901,499099,NULL,NULL,NULL),(336,105,0,0,NULL,NULL,NULL,'2016-08-25 00:00:00',NULL,NULL,NULL,NULL,'economy',NULL,NULL,NULL,NULL,2159,NULL,NULL,NULL,524901,498817,NULL,NULL,NULL),(337,105,1,1,NULL,NULL,NULL,'2016-08-26 00:00:00',NULL,NULL,NULL,NULL,'economy',NULL,NULL,NULL,2159,NULL,NULL,NULL,NULL,498817,524901,NULL,NULL,NULL),(344,107,0,0,NULL,NULL,NULL,'2016-08-15 00:00:00',NULL,NULL,NULL,NULL,'economy',NULL,NULL,NULL,NULL,1995,NULL,NULL,NULL,524901,499099,NULL,NULL,NULL),(347,117,1,0,'A','1','6050','2016-09-21 00:55:00','2016-09-21 02:25:00',0,NULL,1,'economy','N',NULL,NULL,5930,2159,179,5,2,524901,498817,NULL,NULL,NULL),(348,119,1,0,NULL,NULL,'29','2016-10-21 23:50:00','2016-10-22 02:30:00',0,NULL,1,'economy','Q',NULL,NULL,758,1995,194,194,2,524901,499099,NULL,NULL,NULL),(352,122,1,0,'D','1','30','2016-09-29 20:25:00','2016-09-29 21:50:00',0,NULL,1,'economy','K',NULL,NULL,5135,2159,5,5,3,524901,498817,NULL,NULL,NULL),(356,123,1,0,'D','1','28','2016-09-28 19:45:00','2016-09-28 21:10:00',0,NULL,1,'economy','K',NULL,NULL,5135,2159,5,5,3,524901,498817,NULL,NULL,NULL),(364,124,0,0,NULL,NULL,NULL,'2016-10-27 00:00:00',NULL,NULL,NULL,NULL,'economy',NULL,NULL,NULL,255,3989,NULL,NULL,NULL,3128760,3067696,NULL,NULL,NULL),(366,125,0,0,NULL,NULL,NULL,'2016-09-25 00:00:00',NULL,NULL,NULL,NULL,'business',NULL,NULL,NULL,NULL,1995,NULL,NULL,NULL,524901,499099,NULL,NULL,NULL),(367,126,0,0,NULL,NULL,NULL,'2016-09-25 00:00:00',NULL,NULL,NULL,NULL,'economy',NULL,NULL,NULL,NULL,1995,NULL,NULL,NULL,524901,499099,NULL,NULL,NULL),(375,128,1,0,NULL,'4','3143','2016-10-21 06:15:00','2016-10-21 10:30:00',0,NULL,1,'economy','A',NULL,NULL,758,2490,123,123,2,524901,3117735,NULL,NULL,NULL),(376,128,2,0,'4','W','3406','2016-10-21 11:55:00','2016-10-21 13:55:00',0,NULL,1,'economy','A',NULL,NULL,2490,3569,123,123,2,3117735,2988507,NULL,NULL,NULL),(377,129,1,0,NULL,'A','179','2016-10-20 11:20:00','2016-10-20 18:15:00',0,NULL,1,'economy','N',NULL,NULL,758,3621,194,194,3,524901,1496747,NULL,NULL,NULL),(380,130,1,0,'1',NULL,'615','2016-10-05 20:40:00','2016-10-06 00:55:00',0,NULL,1,'economy','P',NULL,NULL,515,7719,2,2,3,2988507,NULL,NULL,NULL,NULL),(381,130,2,0,NULL,NULL,'972','2016-10-06 09:05:00','2016-10-06 12:25:00',0,NULL,1,'economy','P',NULL,NULL,7719,758,2,2,1,NULL,524901,NULL,NULL,NULL),(384,131,1,0,'1',NULL,'453','2016-10-12 17:45:00','2016-10-12 22:10:00',0,NULL,1,'economy','P',NULL,NULL,515,1122,2,2,1,2988507,261745,NULL,NULL,NULL),(386,131,2,0,NULL,NULL,'986','2016-10-13 07:10:00','2016-10-13 10:55:00',0,NULL,1,'economy','P',NULL,NULL,1122,758,2,2,1,261745,524901,NULL,NULL,NULL),(388,136,1,0,'E',NULL,'427','2016-10-12 04:50:00','2016-10-12 06:35:00',0,NULL,1,'economy','W',NULL,NULL,5135,4437,1120,1120,137,524901,456172,NULL,NULL,NULL),(391,136,2,0,NULL,'2','691','2016-10-12 07:30:00','2016-10-12 09:25:00',0,NULL,1,'economy','W',NULL,NULL,4437,515,1120,1120,137,456172,2988507,NULL,NULL,NULL),(394,135,1,0,'E',NULL,'423','2016-10-21 20:40:00','2016-10-21 22:25:00',0,NULL,1,'economy','Z',NULL,NULL,5135,4437,1120,1120,72,524901,456172,NULL,NULL,NULL),(395,135,2,1,NULL,'E','424','2016-11-16 07:20:00','2016-11-16 10:00:00',0,NULL,1,'economy','U',NULL,NULL,4437,5135,1120,1120,137,456172,524901,NULL,NULL,NULL),(396,137,0,0,'D','2','2458','2016-10-14 14:05:00','2016-10-14 17:00:00',0,235,1,'economy','L',1,'Pieces',5135,515,5,5,1,524901,2988507,NULL,1476443100,1476457200),(397,138,0,0,NULL,NULL,NULL,'2016-10-08 00:00:00',NULL,NULL,NULL,NULL,'economy',NULL,NULL,NULL,NULL,1995,NULL,NULL,NULL,524901,499099,NULL,NULL,NULL),(398,139,1,0,'F','1','893','2016-11-16 14:00:00','2016-11-16 15:50:00',0,NULL,1,'economy','W',NULL,NULL,5135,3989,94,94,2,524901,3067696,NULL,NULL,NULL),(399,139,2,0,'2','2','4768','2016-11-16 20:35:00','2016-11-16 22:20:00',0,NULL,1,'economy','N',NULL,NULL,3989,515,20,94,31,3067696,2988507,NULL,NULL,NULL),(404,141,0,0,NULL,NULL,NULL,'2016-11-25 00:00:00',NULL,NULL,NULL,NULL,'economy',NULL,NULL,NULL,NULL,2159,NULL,NULL,NULL,524901,498817,NULL,NULL,NULL),(405,142,0,0,NULL,NULL,NULL,'2016-11-18 00:00:00',NULL,NULL,NULL,NULL,'economy',NULL,NULL,NULL,NULL,2159,NULL,NULL,NULL,524901,498817,NULL,NULL,NULL),(407,143,0,0,NULL,NULL,NULL,'2016-11-09 00:00:00',NULL,NULL,NULL,NULL,'economy',NULL,NULL,NULL,NULL,NULL,NULL,NULL,NULL,524901,2988507,NULL,NULL,NULL),(408,143,1,1,NULL,NULL,NULL,'2016-11-23 00:00:00',NULL,NULL,NULL,NULL,'economy',NULL,NULL,NULL,NULL,NULL,NULL,NULL,NULL,2988507,524901,NULL,NULL,NULL),(410,144,0,0,NULL,NULL,NULL,'2016-11-23 00:00:00',NULL,NULL,NULL,NULL,'economy',NULL,NULL,NULL,NULL,NULL,NULL,NULL,NULL,524901,2988507,NULL,NULL,NULL),(413,147,0,0,NULL,NULL,NULL,'2016-10-07 00:00:00',NULL,NULL,NULL,NULL,'economy',NULL,NULL,NULL,NULL,1995,NULL,NULL,NULL,524901,499099,NULL,NULL,NULL),(414,148,0,0,NULL,NULL,NULL,'2016-10-08 00:00:00',NULL,NULL,NULL,NULL,'economy',NULL,NULL,NULL,NULL,1995,NULL,NULL,NULL,524901,499099,NULL,NULL,NULL),(415,149,0,0,'E','2','4454','2016-11-09 15:55:00','2016-11-09 17:50:00',0,235,1,'economy','L',1,'Pieces',5135,515,20,5,2,524901,2988507,NULL,1478696100,1478710200),(416,150,0,0,NULL,NULL,'973','2016-11-23 05:20:00','2016-11-23 07:30:00',0,190,0,'economy','P',NULL,NULL,758,7719,2,2,1,524901,NULL,'101642',1479867600,1479879000),(417,150,1,0,NULL,'1','610','2016-11-23 08:35:00','2016-11-23 11:10:00',0,215,0,'economy','P',NULL,NULL,7719,515,2,2,3,NULL,2988507,'101642',1479882900,1479895800),(418,151,0,0,NULL,NULL,'973','2016-11-16 05:20:00','2016-11-16 07:30:00',0,190,0,'economy','P',NULL,NULL,758,7719,2,2,1,524901,NULL,'040529',1479262800,1479274200),(419,151,1,0,NULL,'1','610','2016-11-16 08:35:00','2016-11-16 11:10:00',0,215,0,'economy','P',NULL,NULL,7719,515,2,2,3,NULL,2988507,'040529',1479278100,1479291000),(420,152,0,0,NULL,NULL,'895','2016-11-18 13:05:00','2016-11-18 13:50:00',0,NULL,1,'economy','S',1,'Pieces',758,5682,194,194,NULL,524901,2950159,'RZDC6',1479463500,1479473400),(421,152,1,0,NULL,NULL,'8308','2016-11-18 18:35:00','2016-11-18 20:20:00',0,NULL,1,'economy','Q',1,'Pieces',5682,3569,16,16,NULL,2950159,2988507,'RZDC6',1479490500,1479496800),(422,153,0,0,NULL,'1','795','2016-11-11 08:25:00','2016-11-11 09:30:00',0,190,0,'economy','O',1,'Pieces',758,7522,194,194,1,524901,NULL,'042825',1478841900,1478853000),(423,153,1,0,'2','1','2230','2016-11-11 12:25:00','2016-11-11 14:00:00',0,95,0,'economy','T',1,'Pieces',7522,515,152,152,2,NULL,2988507,'042825',1478863500,1478869200),(424,154,0,0,NULL,NULL,'895','2016-11-11 13:05:00','2016-11-11 13:50:00',0,165,0,'economy','S',1,'Pieces',758,5682,194,194,2,524901,2950159,'044045',1478858700,1478868600),(425,154,1,0,NULL,'S','8308','2016-11-11 18:35:00','2016-11-11 20:20:00',0,105,1,'economy','Q',1,'Pieces',5682,3569,16,16,1,2950159,2988507,'XCRCCL',1478885700,1478892000),(428,156,0,0,'E',NULL,'676','2016-11-16 15:40:00','2016-11-16 15:55:00',0,135,0,'economy','V',1,'Pieces',5135,5980,150,150,111,524901,756135,'044445',1479300000,1479308100),(429,156,1,0,NULL,'1','333','2016-11-16 19:50:00','2016-11-16 22:15:00',0,145,0,'economy','V',1,'Pieces',5980,515,150,150,25,756135,2988507,'044445',1479322200,1479330900),(430,127,0,0,NULL,NULL,NULL,'2016-10-12 00:00:00',NULL,NULL,NULL,NULL,'economy',NULL,NULL,NULL,NULL,NULL,NULL,NULL,NULL,524901,2988507,NULL,NULL,NULL),(431,157,1,0,'F','1','893','2016-10-22 12:20:00','2016-10-22 14:05:00',0,NULL,1,'economy','S',NULL,NULL,5135,3989,94,94,2,524901,3067696,NULL,NULL,NULL),(432,157,2,0,'2','2','4766','2016-10-22 15:40:00','2016-10-22 17:25:00',0,NULL,1,'economy','O',NULL,NULL,3989,515,20,94,31,3067696,2988507,NULL,NULL,NULL),(435,158,0,0,NULL,NULL,NULL,'2016-11-25 00:00:00',NULL,NULL,NULL,NULL,'economy',NULL,NULL,NULL,NULL,NULL,NULL,NULL,NULL,524901,5128581,NULL,NULL,NULL),(436,158,1,1,NULL,NULL,NULL,'2016-11-30 00:00:00',NULL,NULL,NULL,NULL,'economy',NULL,NULL,NULL,NULL,NULL,NULL,NULL,NULL,5128581,524901,NULL,NULL,NULL),(437,159,0,0,'D','1','24','2016-11-24 17:50:00','2016-11-24 19:10:00',0,80,1,'economy','N',1,'Pieces',5135,2159,5,5,3,524901,498817,'FXNZJD',1479999000,1480003800),(438,160,0,0,'D','1','44','2016-11-16 16:55:00','2016-11-16 18:20:00',0,85,1,'economy','N',1,'Pieces',5135,2159,5,5,1,524901,498817,NULL,1479304500,1479309600),(439,160,1,1,'1','D','17','2016-11-23 13:25:00','2016-11-23 14:40:00',0,75,1,'economy','N',1,'Pieces',2159,5135,5,5,1,498817,524901,NULL,1479896700,1479901200),(440,161,0,0,NULL,NULL,NULL,'2016-11-17 00:00:00',NULL,NULL,NULL,NULL,'economy',NULL,NULL,NULL,NULL,4705,NULL,NULL,NULL,524901,5699552,NULL,NULL,NULL),(441,161,1,1,NULL,NULL,NULL,'2016-11-25 00:00:00',NULL,NULL,NULL,NULL,'economy',NULL,NULL,NULL,4705,NULL,NULL,NULL,NULL,5699552,524901,NULL,NULL,NULL),(451,163,0,0,NULL,NULL,NULL,'2016-11-08 00:00:00',NULL,NULL,NULL,NULL,'economy',NULL,NULL,NULL,NULL,1718,NULL,NULL,NULL,524901,609655,NULL,NULL,NULL),(452,163,1,1,NULL,NULL,NULL,'2016-11-22 00:00:00',NULL,NULL,NULL,NULL,'economy',NULL,NULL,NULL,1718,NULL,NULL,NULL,NULL,609655,524901,NULL,NULL,NULL),(455,162,0,0,NULL,NULL,NULL,'2016-10-30 00:00:00',NULL,NULL,NULL,NULL,'economy',NULL,NULL,NULL,NULL,1995,NULL,NULL,NULL,524901,499099,NULL,NULL,NULL),(456,162,1,1,NULL,NULL,NULL,'2016-11-18 00:00:00',NULL,NULL,NULL,NULL,'economy',NULL,NULL,NULL,1995,NULL,NULL,NULL,NULL,499099,524901,NULL,NULL,NULL),(457,164,0,0,NULL,NULL,NULL,'2016-11-24 00:00:00',NULL,NULL,NULL,NULL,'economy',NULL,NULL,NULL,NULL,3621,NULL,NULL,NULL,524901,1496747,NULL,NULL,NULL),(458,164,1,1,NULL,NULL,NULL,'2016-11-27 00:00:00',NULL,NULL,NULL,NULL,'economy',NULL,NULL,NULL,3621,NULL,NULL,NULL,NULL,1496747,524901,NULL,NULL,NULL),(459,165,1,0,NULL,'3','132','2016-11-17 23:55:00','2016-11-18 06:20:00',0,NULL,1,'economy','U',NULL,NULL,758,6568,102,102,20,524901,292223,NULL,NULL,NULL),(460,165,2,0,'3','2','73','2016-11-18 07:50:00','2016-11-18 12:25:00',0,NULL,1,'economy','R',NULL,NULL,6568,515,102,102,119,292223,2988507,NULL,NULL,NULL),(463,169,0,0,NULL,NULL,NULL,'2016-10-30 00:00:00',NULL,NULL,NULL,NULL,'economy',NULL,NULL,NULL,NULL,1995,NULL,NULL,NULL,524901,499099,NULL,NULL,NULL),(470,171,0,0,NULL,NULL,NULL,'2016-11-17 00:00:00',NULL,NULL,NULL,NULL,'business',NULL,NULL,NULL,NULL,2490,NULL,NULL,NULL,524901,3117735,NULL,NULL,NULL),(471,171,1,1,NULL,NULL,NULL,'2016-11-30 00:00:00',NULL,NULL,NULL,NULL,'business',NULL,NULL,NULL,2490,NULL,NULL,NULL,NULL,3117735,524901,NULL,NULL,NULL),(473,173,0,0,NULL,NULL,'973','2016-10-27 13:25:00','2016-10-27 16:40:00',0,195,0,'economy','P',1,'Pieces',758,7719,2,2,1,524901,NULL,NULL,1477563900,1477575600),(474,173,1,0,NULL,'1','614','2016-10-27 17:25:00','2016-10-27 19:55:00',0,210,0,'economy','P',1,'Pieces',7719,515,2,2,3,NULL,2988507,NULL,1477578300,1477590900),(476,178,0,0,NULL,NULL,NULL,'2016-11-18 00:00:00',NULL,NULL,NULL,NULL,'economy',NULL,NULL,NULL,NULL,2159,NULL,NULL,NULL,524901,498817,NULL,NULL,NULL),(477,179,0,0,NULL,NULL,NULL,'2016-10-30 00:00:00',NULL,NULL,NULL,NULL,'economy',NULL,NULL,NULL,NULL,1995,NULL,NULL,NULL,524901,499099,NULL,NULL,NULL),(478,180,0,0,'','','555','2016-11-10 12:00:00','2017-01-11 02:50:00',NULL,0,NULL,'economy','',NULL,NULL,758,2159,5,5,NULL,524901,498817,NULL,1478768400,1484092200),(482,184,0,0,'','','666','2016-11-10 12:00:00','2017-01-11 02:50:00',NULL,0,NULL,'economy','',NULL,NULL,758,2159,5,5,NULL,524901,498817,NULL,1478768400,1484092200),(483,185,0,0,'','','888','2016-11-10 12:00:00','2017-01-11 02:50:00',NULL,0,NULL,'economy','',NULL,NULL,5135,2159,152,152,NULL,524901,498817,NULL,1478768400,1484092200),(484,186,0,0,'','','555','2016-11-10 12:00:00','2017-01-11 02:50:00',NULL,0,NULL,NULL,'',NULL,NULL,758,2159,5,5,NULL,524901,498817,NULL,1478768400,1484092200),(485,188,0,0,'A','1','6018','2016-11-07 17:40:00','2016-11-07 19:00:00',0,80,1,'economy','R',1,'Pieces',5930,2159,179,5,2,524901,498817,NULL,1478529600,1478534400),(486,189,0,0,NULL,NULL,NULL,'2016-11-09 00:00:00',NULL,NULL,NULL,NULL,'economy',NULL,NULL,NULL,NULL,2159,NULL,NULL,NULL,524901,498817,NULL,NULL,NULL),(487,190,0,0,NULL,NULL,NULL,'2016-10-30 00:00:00',NULL,NULL,NULL,NULL,'economy',NULL,NULL,NULL,NULL,1995,NULL,NULL,NULL,524901,499099,NULL,NULL,NULL),(488,191,0,0,'F','G','555','2016-11-10 12:00:00','2016-10-28 10:15:00',NULL,0,NULL,'economy','',NULL,NULL,758,2159,5,152,NULL,524901,498817,NULL,1478768400,1477638900),(489,192,1,0,'','','555','2016-11-10 12:00:00','2016-10-28 10:15:00',NULL,0,NULL,'economy','',NULL,NULL,386,2159,152,NULL,NULL,732770,498817,NULL,1478768400,1477638900),(490,192,2,1,'','','','2016-11-24 10:50:00','2016-10-27 03:50:00',NULL,0,NULL,'economy','',NULL,NULL,2159,3621,194,NULL,NULL,498817,1496747,NULL,1479973800,1477529400),(491,192,0,0,'','','555','2016-10-27 03:50:00','2016-10-21 07:35:00',NULL,0,NULL,'economy','',NULL,NULL,758,386,194,NULL,NULL,524901,732770,NULL,1477529400,1477024500),(493,194,0,0,NULL,NULL,NULL,'2016-11-25 00:00:00',NULL,NULL,NULL,NULL,'economy',NULL,NULL,NULL,NULL,508,NULL,NULL,NULL,524901,3646738,NULL,NULL,NULL),(494,194,1,1,NULL,NULL,NULL,'2016-11-30 00:00:00',NULL,NULL,NULL,NULL,'economy',NULL,NULL,NULL,508,NULL,NULL,NULL,NULL,3646738,524901,NULL,NULL,NULL),(495,194,2,2,NULL,NULL,NULL,'2016-10-27 12:17:26',NULL,NULL,NULL,NULL,NULL,NULL,NULL,NULL,NULL,NULL,NULL,NULL,NULL,NULL,NULL,NULL,1477559846,NULL),(497,195,0,0,NULL,NULL,NULL,'2016-12-17 00:00:00',NULL,NULL,NULL,NULL,'economy',NULL,NULL,NULL,NULL,1995,NULL,NULL,NULL,524901,499099,NULL,NULL,NULL),(498,195,3,1,'','','','2016-12-20 12:00:00','2016-11-02 01:17:00',NULL,0,NULL,'economy','',NULL,NULL,1995,NULL,NULL,5,NULL,499099,NULL,NULL,1482224400,1478038620),(499,196,0,0,NULL,NULL,NULL,'2016-12-17 00:00:00',NULL,NULL,NULL,NULL,NULL,NULL,NULL,NULL,NULL,1995,NULL,NULL,NULL,524901,499099,NULL,NULL,NULL),(500,196,1,1,NULL,NULL,NULL,'2016-12-20 00:00:00',NULL,NULL,NULL,NULL,NULL,NULL,NULL,NULL,1995,NULL,NULL,NULL,NULL,499099,524901,NULL,NULL,NULL),(501,195,1,1,NULL,NULL,NULL,'2016-11-02 16:46:57',NULL,NULL,NULL,NULL,NULL,NULL,NULL,NULL,NULL,NULL,NULL,NULL,NULL,NULL,NULL,NULL,1478094417,NULL),(502,195,2,1,NULL,NULL,NULL,'2016-11-02 22:52:14',NULL,NULL,NULL,NULL,NULL,NULL,NULL,NULL,NULL,NULL,NULL,NULL,NULL,NULL,NULL,NULL,1478116334,NULL),(503,200,0,0,NULL,NULL,NULL,'2016-11-18 00:00:00',NULL,NULL,NULL,NULL,'economy',NULL,NULL,NULL,NULL,386,NULL,NULL,NULL,524901,732770,NULL,NULL,NULL),(504,201,0,0,NULL,NULL,NULL,'2016-11-17 00:00:00',NULL,NULL,NULL,NULL,'economy',NULL,NULL,NULL,NULL,1718,NULL,NULL,NULL,524901,609655,NULL,NULL,NULL),(505,202,1,0,'E','2','1845','2017-01-21 07:00:00','2017-01-21 09:10:00',0,250,1,'economy','L',NULL,NULL,5135,515,20,20,2,524901,2988507,NULL,NULL,NULL),(506,202,2,0,'2','B','66','2017-01-21 10:25:00','2017-01-21 13:05:00',0,700,1,'economy','V',NULL,NULL,515,8955,20,20,119,2988507,NULL,NULL,NULL,NULL),(507,202,3,1,'B','2','65','2017-01-31 15:30:00','2017-02-01 11:15:00',0,645,1,'economy','V',NULL,NULL,8955,515,20,20,119,NULL,2988507,NULL,NULL,NULL),(508,202,4,1,'2','E','1844','2017-02-01 16:00:00','2017-02-01 21:40:00',0,220,1,'economy','L',NULL,NULL,515,5135,20,20,2,2988507,524901,NULL,NULL,NULL),(511,203,0,0,NULL,NULL,NULL,'2017-01-21 00:00:00',NULL,NULL,NULL,NULL,'economy',NULL,NULL,NULL,NULL,8955,NULL,NULL,NULL,524901,NULL,NULL,NULL,NULL),(512,203,1,1,NULL,NULL,NULL,'2017-01-31 00:00:00',NULL,NULL,NULL,NULL,'economy',NULL,NULL,NULL,8955,NULL,NULL,NULL,NULL,NULL,524901,NULL,NULL,NULL),(516,205,0,0,NULL,NULL,NULL,'2016-11-20 00:00:00',NULL,NULL,NULL,NULL,'economy',NULL,NULL,NULL,NULL,1995,NULL,NULL,NULL,524901,499099,NULL,NULL,NULL),(517,195,4,2,NULL,NULL,NULL,'2016-11-07 13:13:15',NULL,NULL,NULL,NULL,NULL,NULL,NULL,NULL,NULL,NULL,NULL,NULL,NULL,NULL,NULL,NULL,1478513595,NULL),(518,207,0,0,'A','','437','2016-12-24 12:40:00','2016-12-24 03:10:00',0,0,1,'economy','K',NULL,NULL,5930,1995,8,1501,72,524901,499099,NULL,1482572400,1482538200),(520,207,1,1,NULL,NULL,NULL,'2016-11-08 12:08:30',NULL,NULL,NULL,NULL,NULL,NULL,NULL,NULL,NULL,NULL,NULL,NULL,NULL,NULL,NULL,NULL,1478596110,NULL),(521,209,1,0,'D',NULL,'1210','2016-11-23 08:00:00','2016-11-23 10:45:00',0,NULL,1,'economy','N',NULL,NULL,5135,1995,5,5,97,524901,499099,NULL,NULL,NULL),(523,211,0,0,'A','','437','2016-12-24 12:40:00','2016-12-24 03:10:00',0,0,1,NULL,'K',NULL,NULL,5930,1995,8,1501,72,524901,499099,NULL,1482572400,1482538200),(524,211,1,1,NULL,NULL,NULL,'2016-11-08 12:08:30',NULL,NULL,NULL,NULL,NULL,NULL,NULL,NULL,NULL,NULL,NULL,NULL,NULL,NULL,NULL,NULL,1478596110,NULL),(527,210,0,0,NULL,NULL,NULL,'2016-11-25 00:00:00',NULL,NULL,NULL,NULL,'economy',NULL,NULL,NULL,NULL,1995,NULL,NULL,NULL,524901,499099,NULL,NULL,NULL),(528,208,0,0,NULL,NULL,NULL,'2016-11-27 00:00:00',NULL,NULL,NULL,NULL,'economy',NULL,NULL,NULL,NULL,1995,NULL,NULL,NULL,524901,499099,NULL,NULL,NULL),(529,212,0,0,'','','','2016-11-26 12:00:00','2016-11-23 17:23:46',NULL,-3996,NULL,'economy','',NULL,NULL,NULL,1995,NULL,5,NULL,NULL,499099,NULL,1480150800,1479911026),(530,212,1,1,NULL,NULL,NULL,'2016-12-23 00:00:00',NULL,NULL,NULL,NULL,'economy',NULL,NULL,NULL,1995,NULL,NULL,NULL,NULL,499099,524901,NULL,NULL,NULL),(531,215,0,0,NULL,NULL,NULL,'2016-12-22 00:00:00',NULL,NULL,NULL,NULL,'economy',NULL,NULL,NULL,NULL,NULL,NULL,NULL,NULL,524901,2988507,NULL,NULL,NULL),(532,215,1,1,NULL,NULL,NULL,'2016-12-29 00:00:00',NULL,NULL,NULL,NULL,'economy',NULL,NULL,NULL,NULL,NULL,NULL,NULL,NULL,2988507,524901,NULL,NULL,NULL),(533,216,0,0,NULL,NULL,NULL,'2016-12-22 00:00:00',NULL,NULL,NULL,NULL,'economy',NULL,NULL,NULL,NULL,NULL,NULL,NULL,NULL,524901,2988507,NULL,NULL,NULL),(534,216,1,1,NULL,NULL,NULL,'2016-12-29 00:00:00',NULL,NULL,NULL,NULL,'economy',NULL,NULL,NULL,NULL,NULL,NULL,NULL,NULL,2988507,524901,NULL,NULL,NULL),(535,217,0,0,NULL,NULL,NULL,'2016-12-16 00:00:00',NULL,NULL,NULL,NULL,'economy',NULL,NULL,NULL,NULL,1995,NULL,NULL,NULL,524901,499099,NULL,NULL,NULL),(536,218,0,0,NULL,NULL,NULL,'2016-12-21 00:00:00',NULL,NULL,NULL,NULL,'economy',NULL,NULL,NULL,NULL,NULL,NULL,NULL,NULL,524901,2988507,NULL,NULL,NULL),(537,219,0,0,NULL,NULL,NULL,'2016-12-08 00:00:00',NULL,NULL,NULL,NULL,'economy',NULL,NULL,NULL,NULL,1995,NULL,NULL,NULL,524901,499099,NULL,NULL,NULL),(538,220,0,0,NULL,NULL,NULL,'2016-12-30 00:00:00',NULL,NULL,NULL,NULL,'economy',NULL,NULL,NULL,NULL,1995,NULL,NULL,NULL,524901,499099,NULL,NULL,NULL),(543,221,0,0,'','','4543','2016-11-25 01:41:00','2016-11-08 02:50:00',NULL,-24411,NULL,'economy','',NULL,NULL,5135,4558,194,NULL,NULL,524901,498677,NULL,1480027260,1478562600),(544,221,1,0,'','','','2016-11-25 01:45:00','2016-11-09 10:50:00',NULL,-22495,NULL,'economy','',NULL,NULL,4558,3687,5,NULL,NULL,498677,NULL,NULL,1480027500,1478677800),(545,223,0,0,NULL,NULL,NULL,'2016-12-23 00:00:00',NULL,NULL,NULL,NULL,'economy',NULL,NULL,NULL,NULL,1995,NULL,NULL,NULL,524901,499099,NULL,NULL,NULL),(549,229,0,0,NULL,NULL,NULL,'2016-11-30 00:00:00',NULL,NULL,NULL,NULL,'economy',NULL,NULL,NULL,NULL,4860,NULL,NULL,NULL,524901,1216265,NULL,NULL,NULL),(557,240,1,0,'D','2','2450','2016-12-23 08:45:00','2016-12-23 10:45:00',0,NULL,1,'economy','L',NULL,NULL,5135,515,5,5,3,524901,2988507,NULL,NULL,NULL),(558,242,1,0,'E','2','4454','2017-01-11 15:55:00','2017-01-11 17:50:00',0,235,1,'economy','L',NULL,NULL,5135,515,20,5,2,524901,2988507,NULL,NULL,NULL),(564,249,0,0,'','','654','2017-01-13 12:00:00','2017-01-13 18:25:00',NULL,385,NULL,'economy','',NULL,NULL,758,2159,5,5,52,524901,498817,NULL,1484298000,1484321100),(565,250,0,0,'','','658','2017-01-19 12:30:00','2017-01-19 14:45:00',NULL,135,NULL,'economy','',NULL,NULL,758,2159,5,5,52,524901,498817,NULL,1484818200,1484826300),(566,251,1,0,'D','1','44','2016-12-24 16:55:00','2016-12-24 18:20:00',0,85,1,'economy','N',NULL,NULL,5135,2159,5,5,1,524901,498817,NULL,NULL,NULL),(567,251,2,1,'1','A','6023','2016-12-31 07:00:00','2016-12-31 08:25:00',0,85,1,'economy','T',NULL,NULL,2159,5930,179,5,2,498817,524901,NULL,NULL,NULL),(568,252,0,0,NULL,NULL,'973','2017-01-30 05:20:00','2017-01-30 07:30:00',0,NULL,1,'economy','P',0,'Pieces',758,7719,2,2,1,524901,NULL,'364H2M',1485742800,1485754200),(569,252,1,0,NULL,'1','610','2017-01-30 08:35:00','2017-01-30 11:10:00',0,NULL,1,'economy','P',0,'Pieces',7719,515,2,2,3,NULL,2988507,'364H2M',1485758100,1485771000),(570,253,1,0,'D',NULL,'1604','2017-01-20 10:15:00','2017-01-20 12:55:00',0,100,1,'economy','N',NULL,NULL,5135,1995,5,5,1,524901,499099,NULL,NULL,NULL),(571,223,1,1,'','','','2016-12-06 04:52:00','2016-12-06 16:53:13',NULL,721,NULL,'economy','',NULL,NULL,NULL,NULL,5,NULL,NULL,NULL,NULL,NULL,1480989120,1481032393),(572,258,0,0,NULL,NULL,NULL,'2017-01-13 00:00:00',NULL,NULL,NULL,NULL,'economy',NULL,NULL,NULL,NULL,NULL,NULL,NULL,NULL,524901,2988507,NULL,NULL,NULL),(576,259,0,0,NULL,NULL,NULL,'2017-01-10 00:00:00',NULL,NULL,NULL,NULL,'economy',NULL,NULL,NULL,NULL,2159,NULL,NULL,NULL,524901,498817,NULL,NULL,NULL),(577,260,0,0,NULL,NULL,NULL,'2017-01-05 00:00:00',NULL,NULL,NULL,NULL,'economy',NULL,NULL,NULL,NULL,2159,NULL,NULL,NULL,524901,498817,NULL,NULL,NULL),(581,261,0,0,NULL,NULL,NULL,'2017-01-05 00:00:00',NULL,NULL,NULL,NULL,'economy',NULL,NULL,NULL,NULL,NULL,NULL,NULL,NULL,524901,498817,NULL,NULL,NULL),(584,262,0,0,NULL,NULL,NULL,'2016-12-22 00:00:00',NULL,NULL,NULL,NULL,'economy',NULL,NULL,NULL,NULL,2236,NULL,NULL,NULL,524901,2267057,NULL,NULL,NULL),(585,263,0,0,NULL,NULL,NULL,'2016-12-08 00:00:00',NULL,NULL,NULL,NULL,'economy',NULL,NULL,NULL,NULL,1995,NULL,NULL,NULL,524901,499099,NULL,NULL,NULL),(586,264,0,0,NULL,NULL,NULL,'2017-01-13 00:00:00',NULL,NULL,NULL,NULL,'economy',NULL,NULL,NULL,NULL,2236,NULL,NULL,NULL,524901,2267057,NULL,NULL,NULL),(587,265,0,0,'d','c','1555','2017-01-12 12:00:00','2017-01-13 01:05:00',NULL,785,NULL,'economy','J',NULL,NULL,5135,2236,44,NULL,112,524901,2267057,NULL,1484211600,1484258700),(588,266,0,0,'d','c','444','2017-01-12 12:00:00','2017-01-13 01:05:00',NULL,785,NULL,'economy','H',NULL,NULL,758,2236,66,NULL,112,524901,2267057,NULL,1484211600,1484258700),(589,267,0,0,'d','c','444','2017-01-12 12:00:00','2017-01-13 01:05:00',NULL,785,NULL,'economy','H',NULL,NULL,758,2236,373,NULL,112,524901,2267057,NULL,1484211600,1484258700),(591,270,0,0,'A','F','765','2016-12-22 12:00:00','2016-12-22 02:50:00',NULL,-550,NULL,'economy','',NULL,NULL,5135,2879,152,194,14,524901,532288,NULL,1482397200,1482364200),(596,272,0,0,NULL,NULL,NULL,'2016-12-11 00:00:00',NULL,NULL,NULL,NULL,'economy',NULL,NULL,NULL,NULL,1995,NULL,NULL,NULL,524901,499099,NULL,NULL,NULL),(597,273,0,0,NULL,NULL,NULL,'2016-12-29 00:00:00',NULL,NULL,NULL,NULL,'economy',NULL,NULL,NULL,NULL,NULL,NULL,NULL,NULL,524901,2988507,NULL,NULL,NULL),(601,275,0,0,NULL,NULL,NULL,'2016-12-17 00:00:00',NULL,NULL,NULL,NULL,'economy',NULL,NULL,NULL,NULL,1995,NULL,NULL,NULL,524901,499099,NULL,NULL,NULL),(603,276,0,0,NULL,NULL,NULL,'2016-12-20 00:00:00',NULL,NULL,NULL,NULL,'economy',NULL,NULL,NULL,NULL,1995,NULL,NULL,NULL,524901,499099,NULL,NULL,NULL),(605,277,0,0,NULL,NULL,NULL,'2017-01-19 00:00:00',NULL,NULL,NULL,NULL,'economy',NULL,NULL,NULL,NULL,2159,NULL,NULL,NULL,524901,498817,NULL,NULL,NULL),(606,274,0,0,NULL,NULL,NULL,'2016-12-16 00:00:00',NULL,NULL,NULL,NULL,'economy',NULL,NULL,NULL,2159,NULL,NULL,NULL,NULL,498817,524901,NULL,NULL,NULL),(609,278,0,0,NULL,NULL,NULL,'2017-01-18 00:00:00',NULL,NULL,NULL,NULL,'economy',NULL,NULL,NULL,NULL,3281,NULL,NULL,NULL,524901,NULL,NULL,NULL,NULL),(610,279,0,0,NULL,NULL,NULL,'2016-12-22 00:00:00',NULL,NULL,NULL,NULL,'economy',NULL,NULL,NULL,NULL,2159,NULL,NULL,NULL,524901,498817,NULL,NULL,NULL),(611,281,0,0,NULL,NULL,NULL,'2016-12-23 00:00:00',NULL,NULL,NULL,NULL,'economy',NULL,NULL,NULL,NULL,2159,NULL,NULL,NULL,524901,498817,NULL,NULL,NULL),(612,282,0,0,NULL,NULL,NULL,'2016-12-14 00:00:00',NULL,NULL,NULL,NULL,'economy',NULL,NULL,NULL,NULL,1995,NULL,NULL,NULL,524901,499099,NULL,NULL,NULL),(613,283,0,0,NULL,NULL,NULL,'2016-12-17 00:00:00',NULL,NULL,NULL,NULL,'economy',NULL,NULL,NULL,NULL,1995,NULL,NULL,NULL,524901,499099,NULL,NULL,NULL),(614,284,0,0,NULL,NULL,NULL,'2016-12-16 00:00:00',NULL,NULL,NULL,NULL,'economy',NULL,NULL,NULL,NULL,1995,NULL,NULL,NULL,524901,499099,NULL,NULL,NULL),(615,285,0,0,NULL,NULL,NULL,'2017-01-26 00:00:00',NULL,NULL,NULL,NULL,'economy',NULL,NULL,NULL,NULL,2159,NULL,NULL,NULL,524901,498817,NULL,NULL,NULL),(616,287,0,0,NULL,NULL,NULL,'2016-12-18 00:00:00',NULL,NULL,NULL,NULL,'economy',NULL,NULL,NULL,NULL,1995,NULL,NULL,NULL,524901,499099,NULL,NULL,NULL),(618,288,0,0,NULL,NULL,NULL,'2016-12-17 00:00:00',NULL,NULL,NULL,NULL,'economy',NULL,NULL,NULL,NULL,2159,NULL,NULL,NULL,524901,498817,NULL,NULL,NULL),(620,289,0,0,NULL,NULL,NULL,'2016-12-15 00:00:00',NULL,NULL,NULL,NULL,'economy',NULL,NULL,NULL,NULL,1995,NULL,NULL,NULL,524901,499099,NULL,NULL,NULL),(627,293,0,0,NULL,NULL,NULL,'2016-12-16 00:00:00',NULL,NULL,NULL,NULL,'economy',NULL,NULL,NULL,NULL,1995,NULL,NULL,NULL,524901,499099,NULL,NULL,NULL),(634,295,0,0,NULL,NULL,NULL,'2016-12-15 00:00:00',NULL,NULL,NULL,NULL,'economy',NULL,NULL,NULL,NULL,1995,NULL,NULL,NULL,524901,499099,NULL,NULL,NULL),(635,296,1,0,'A',NULL,'437','2016-12-15 00:40:00','2016-12-15 03:10:00',0,90,1,'economy','K',NULL,NULL,5930,1995,223,223,72,524901,499099,NULL,NULL,NULL),(639,297,1,0,NULL,NULL,'33','2016-12-18 10:05:00','2016-12-18 12:50:00',0,105,1,'economy','O',NULL,NULL,758,1995,194,194,2,524901,499099,NULL,NULL,NULL),(642,298,1,0,'A',NULL,'437','2016-12-15 00:40:00','2016-12-15 03:10:00',0,90,1,'economy','K',NULL,NULL,5930,1995,223,223,72,524901,499099,NULL,NULL,NULL),(643,299,0,0,NULL,NULL,NULL,'2016-12-17 00:00:00',NULL,NULL,NULL,NULL,'economy',NULL,NULL,NULL,NULL,1995,NULL,NULL,NULL,524901,499099,NULL,NULL,NULL),(644,300,1,0,NULL,NULL,'96','2016-12-16 21:00:00','2016-12-16 23:40:00',0,100,1,'economy','W',NULL,NULL,758,1995,303,303,1,524901,499099,NULL,NULL,NULL),(645,301,1,0,'A',NULL,'437','2016-12-17 00:40:00','2016-12-17 03:10:00',0,90,1,'economy','K',NULL,NULL,5930,1995,223,223,72,524901,499099,NULL,NULL,NULL),(647,302,1,0,'A',NULL,'437','2016-12-16 00:40:00','2016-12-16 03:10:00',0,90,1,'economy','K',NULL,NULL,5930,1995,223,223,72,524901,499099,NULL,NULL,NULL),(651,304,0,0,NULL,NULL,NULL,'2017-01-12 00:00:00',NULL,NULL,NULL,NULL,'economy',NULL,NULL,NULL,NULL,1995,NULL,NULL,NULL,524901,499099,NULL,NULL,NULL),(652,304,1,1,NULL,NULL,NULL,'2017-01-27 00:00:00',NULL,NULL,NULL,NULL,'economy',NULL,NULL,NULL,1995,NULL,NULL,NULL,NULL,499099,524901,NULL,NULL,NULL),(654,303,1,0,'A',NULL,'437','2016-12-17 00:40:00','2016-12-17 03:10:00',0,90,1,'economy','K',NULL,NULL,5930,1995,223,223,72,524901,499099,NULL,NULL,NULL),(655,306,1,0,'A',NULL,'437','2016-12-18 00:40:00','2016-12-18 03:10:00',0,90,1,'economy','K',NULL,NULL,5930,1995,223,223,72,524901,499099,NULL,NULL,NULL),(659,307,0,0,NULL,NULL,NULL,'2017-01-12 00:00:00',NULL,NULL,NULL,NULL,'economy',NULL,NULL,NULL,NULL,1995,NULL,NULL,NULL,524901,499099,NULL,NULL,NULL),(660,307,1,1,NULL,NULL,NULL,'2017-01-19 00:00:00',NULL,NULL,NULL,NULL,'economy',NULL,NULL,NULL,1995,NULL,NULL,NULL,NULL,499099,524901,NULL,NULL,NULL),(661,308,0,0,NULL,NULL,NULL,'2017-01-04 00:00:00',NULL,NULL,NULL,NULL,'economy',NULL,NULL,NULL,NULL,1995,NULL,NULL,NULL,524901,499099,NULL,NULL,NULL),(662,309,0,0,NULL,NULL,NULL,'2017-01-04 00:00:00',NULL,NULL,NULL,NULL,NULL,NULL,NULL,NULL,NULL,1995,NULL,NULL,NULL,524901,499099,NULL,NULL,NULL),(664,310,0,0,'','','','2017-01-05 12:00:00','2016-12-20 15:28:52',NULL,-22831,NULL,'economy','',NULL,NULL,NULL,1995,5,NULL,NULL,NULL,499099,NULL,1483606800,1482236932),(665,310,1,1,NULL,NULL,NULL,'2017-01-12 00:00:00',NULL,NULL,NULL,NULL,'economy',NULL,NULL,NULL,1995,NULL,NULL,NULL,NULL,499099,524901,NULL,NULL,NULL),(666,310,2,2,NULL,NULL,NULL,'2016-12-20 15:28:15',NULL,NULL,NULL,NULL,NULL,NULL,NULL,NULL,NULL,NULL,NULL,NULL,NULL,NULL,NULL,NULL,1482236895,NULL),(667,311,0,0,'','','','2017-01-05 12:00:00','2016-12-20 15:28:52',NULL,-22831,NULL,NULL,'',NULL,NULL,NULL,1995,5,NULL,NULL,NULL,499099,NULL,1483606800,1482236932),(668,311,1,1,NULL,NULL,NULL,'2017-01-12 00:00:00',NULL,NULL,NULL,NULL,NULL,NULL,NULL,NULL,1995,NULL,NULL,NULL,NULL,499099,524901,NULL,NULL,NULL),(669,311,2,2,NULL,NULL,NULL,'2016-12-20 15:28:15',NULL,NULL,NULL,NULL,NULL,NULL,NULL,NULL,NULL,NULL,NULL,NULL,NULL,NULL,NULL,NULL,1482236895,NULL),(672,313,1,0,NULL,'C','895','2017-01-18 13:05:00','2017-01-18 13:50:00',0,165,1,'economy','Q',NULL,NULL,758,5682,194,194,2,524901,2950159,NULL,NULL,NULL),(673,313,2,0,NULL,'S','8308','2017-01-18 18:20:00','2017-01-18 20:05:00',0,105,1,'economy','P',NULL,NULL,5682,3569,16,16,42,2950159,2988507,NULL,NULL,NULL),(674,315,1,0,NULL,'C','895','2017-01-18 13:05:00','2017-01-18 13:50:00',0,165,1,NULL,'Q',NULL,NULL,758,5682,194,194,2,524901,2950159,NULL,NULL,NULL),(675,315,2,0,NULL,'S','8308','2017-01-18 18:20:00','2017-01-18 20:05:00',0,105,1,NULL,'P',NULL,NULL,5682,3569,16,16,42,2950159,2988507,NULL,NULL,NULL),(676,316,1,0,NULL,NULL,'33','2016-12-29 10:05:00','2016-12-29 12:50:00',0,105,1,'economy','N',NULL,NULL,758,1995,194,194,2,524901,499099,NULL,NULL,NULL),(677,318,1,0,NULL,NULL,'96','2016-12-30 21:00:00','2016-12-30 23:40:00',0,100,1,'economy','E',NULL,NULL,758,1995,303,303,1,524901,499099,NULL,NULL,NULL),(682,243,0,0,NULL,NULL,NULL,'2017-01-08 00:00:00',NULL,NULL,NULL,NULL,'economy',NULL,NULL,NULL,NULL,111,NULL,NULL,NULL,524901,1526384,NULL,NULL,NULL),(683,319,1,0,NULL,'1','79','2017-01-11 10:00:00','2017-01-11 11:30:00',0,90,1,'economy','A',NULL,NULL,758,2159,303,303,1,524901,498817,NULL,NULL,NULL),(684,312,1,0,NULL,'1','797','2017-01-12 19:20:00','2017-01-12 20:30:00',0,190,1,'economy','O',NULL,NULL,758,7522,194,194,1,524901,NULL,NULL,NULL,NULL),(685,312,2,0,'2','1','2238','2017-01-12 22:00:00','2017-01-12 23:35:00',0,95,1,'economy','T',NULL,NULL,7522,515,152,152,1,NULL,2988507,NULL,NULL,NULL),(686,320,0,0,NULL,NULL,NULL,'2017-01-20 00:00:00',NULL,NULL,NULL,NULL,'economy',NULL,NULL,NULL,NULL,4580,NULL,NULL,NULL,524901,638936,NULL,NULL,NULL),(687,321,1,0,'E',NULL,'909','2017-01-01 13:10:00','2017-01-01 15:25:00',0,195,1,'economy','S',NULL,NULL,5135,4862,1851,1851,2,524901,734077,NULL,NULL,NULL),(688,321,2,0,NULL,NULL,'90','2017-01-01 17:15:00','2017-01-01 18:30:00',0,75,1,'economy','P',NULL,NULL,4862,4418,1851,1851,81,734077,400666,NULL,NULL,NULL),(689,322,0,0,NULL,NULL,NULL,'2016-12-31 00:00:00',NULL,NULL,NULL,NULL,'economy',NULL,NULL,NULL,NULL,9410,NULL,NULL,NULL,524901,NULL,NULL,NULL,NULL),(690,323,0,0,NULL,NULL,NULL,'2016-12-31 00:00:00',NULL,NULL,NULL,NULL,'economy',NULL,NULL,NULL,NULL,4860,NULL,NULL,NULL,524901,1216265,NULL,NULL,NULL),(694,326,0,0,'','','777','2017-02-01 12:00:00','2017-02-01 03:00:00',NULL,-540,NULL,'economy','',NULL,NULL,2215,2159,16,16,NULL,2643743,498817,NULL,1485939600,1485907200),(699,332,1,0,NULL,NULL,'954','2017-02-17 05:40:00','2017-02-17 07:00:00',0,80,1,'economy','S',NULL,NULL,758,7066,58,58,72,524901,NULL,NULL,NULL,NULL),(700,332,2,0,NULL,'2','865','2017-02-17 11:40:00','2017-02-17 12:40:00',0,180,1,'economy','S',NULL,NULL,7066,515,58,58,111,NULL,2988507,NULL,NULL,NULL),(702,334,1,0,'A',NULL,'437','2017-01-14 00:40:00','2017-01-14 03:10:00',0,90,1,'economy','K',NULL,NULL,5930,1995,223,223,72,524901,499099,NULL,NULL,NULL),(705,337,0,0,NULL,NULL,NULL,'2017-02-09 00:00:00',NULL,NULL,NULL,NULL,'economy',NULL,NULL,NULL,NULL,NULL,NULL,NULL,NULL,524901,5128581,NULL,NULL,NULL),(706,337,1,1,NULL,NULL,NULL,'2017-02-24 00:00:00',NULL,NULL,NULL,NULL,'economy',NULL,NULL,NULL,NULL,NULL,NULL,NULL,NULL,5128581,524901,NULL,NULL,NULL),(710,340,0,0,'A','1','6020','2017-01-14 01:40:00','2017-01-14 03:05:00',0,NULL,1,'economy','R',1,'Pieces',5930,2159,179,5,2,524901,498817,NULL,1484347200,1484352300),(712,342,0,0,'A','1','6020','2017-01-14 01:40:00','2017-01-14 03:05:00',0,NULL,1,'economy','R',1,'Pieces',5930,2159,179,5,2,524901,498817,NULL,1484347200,1484352300),(713,343,0,0,'A','1','6020','2017-01-25 01:40:00','2017-01-25 03:05:00',0,NULL,1,'economy','R',1,'Pieces',5930,2159,179,5,2,524901,498817,NULL,1485297600,1485302700),(715,345,0,0,'A',NULL,'437','2017-02-10 00:40:00','2017-02-10 03:10:00',0,NULL,1,'economy','K',0,'Pieces',5930,1995,223,223,72,524901,499099,NULL,1486676400,1486681800),(716,345,1,1,NULL,'A','438','2017-02-22 07:55:00','2017-02-22 08:30:00',0,NULL,1,'economy','K',0,'Pieces',1995,5930,223,223,72,499099,524901,NULL,1487735700,1487741400),(717,346,1,0,'A',NULL,'437','2017-01-21 00:40:00','2017-01-21 03:10:00',0,90,1,'economy','K',NULL,NULL,5930,1995,223,223,72,524901,499099,NULL,NULL,NULL),(718,346,2,1,NULL,'A','438','2017-01-29 07:55:00','2017-01-29 08:30:00',0,95,1,'economy','K',NULL,NULL,1995,5930,223,223,72,499099,524901,NULL,NULL,NULL),(719,347,0,0,'E',NULL,'900','2017-03-08 05:30:00','2017-03-08 07:10:00',0,220,1,'economy','G',NULL,NULL,5135,8034,138,138,136,524901,NULL,NULL,NULL,NULL),(720,347,1,0,NULL,'1','1601','2017-03-08 09:55:00','2017-03-08 12:10:00',0,135,1,'economy','G',NULL,NULL,8034,902,138,138,97,NULL,3169070,NULL,NULL,NULL),(721,347,2,1,'1','','1596','2017-03-12 06:10:00','2017-03-12 08:50:00',0,160,1,'economy','V',NULL,NULL,902,8034,138,138,97,3169070,NULL,NULL,1489288200,1489297800),(722,347,3,1,NULL,'E','903','2017-03-12 11:40:00','2017-03-12 17:00:00',0,200,1,'economy','V',NULL,NULL,8034,5135,138,138,136,NULL,524901,NULL,NULL,NULL),(723,348,0,0,NULL,'1','79','2017-01-26 10:00:00','2017-01-26 11:30:00',0,NULL,1,'economy','A',10,'Kilograms',758,2159,303,303,1,524901,498817,'39HPF7',1485414000,1485419400),(724,349,0,0,'A','1','6020','2017-01-25 01:40:00','2017-01-25 03:05:00',0,NULL,1,'economy','R',1,'Pieces',5930,2159,179,5,2,524901,498817,NULL,1485297600,1485302700),(726,350,0,0,'A','1','6020','2017-01-25 01:40:00','2017-01-25 03:05:00',0,NULL,1,'economy','R',1,'Pieces',5930,2159,179,5,2,524901,498817,NULL,1485297600,1485302700),(729,353,0,0,'','','','2017-01-15 16:10:00','2017-01-15 18:35:00',NULL,145,NULL,'economy','',NULL,NULL,758,1995,NULL,NULL,NULL,524901,499099,NULL,1484485800,1484494500),(732,354,0,0,'A','1','6020','2017-01-25 01:40:00','2017-01-25 03:05:00',0,NULL,1,'economy','R',1,'Pieces',5930,2159,179,5,2,524901,498817,NULL,1485297600,1485302700),(734,355,0,0,NULL,NULL,NULL,'2017-01-16 00:00:00',NULL,NULL,NULL,NULL,'economy',NULL,NULL,NULL,NULL,1995,NULL,NULL,NULL,524901,499099,NULL,NULL,NULL),(735,356,1,0,'E',NULL,'676','2017-01-18 15:40:00','2017-01-18 15:55:00',0,135,1,'economy','O',NULL,NULL,5135,5980,150,150,111,524901,756135,NULL,NULL,NULL),(736,356,2,0,NULL,'3','151','2017-01-18 22:50:00','2017-01-19 03:40:00',0,230,1,'economy','O',NULL,NULL,5980,7794,150,150,59,756135,NULL,NULL,NULL,NULL),(737,356,3,1,'3',NULL,'152','2017-02-24 05:20:00','2017-02-24 08:25:00',0,245,1,'economy','O',NULL,NULL,7794,5980,150,150,59,NULL,756135,NULL,NULL,NULL),(738,356,4,1,NULL,'E','675','2017-02-24 10:50:00','2017-02-24 14:50:00',0,120,1,'economy','O',NULL,NULL,5980,5135,150,150,111,756135,524901,NULL,NULL,NULL),(739,358,1,0,NULL,NULL,'1325','2017-01-25 09:05:00','2017-01-25 10:50:00',0,225,1,'economy','K',NULL,NULL,758,7333,203,203,1,524901,2657896,NULL,NULL,NULL),(740,358,2,0,NULL,'4','9716','2017-01-25 12:55:00','2017-01-25 16:05:00',0,550,1,'economy','K',NULL,NULL,7333,1488,203,220,36,2657896,5128581,NULL,NULL,NULL),(741,359,0,0,NULL,'1','79','2017-01-26 10:00:00','2017-01-26 11:30:00',0,NULL,1,'economy','A',10,'Kilograms',758,2159,303,303,1,524901,498817,'39M5EF',1485414000,1485419400),(742,360,0,0,NULL,NULL,NULL,'2017-01-25 00:00:00',NULL,NULL,NULL,NULL,'economy',NULL,NULL,NULL,NULL,2159,NULL,NULL,NULL,524901,498817,NULL,NULL,NULL),(746,361,0,0,'A','1','257','2017-01-25 00:50:00','2017-01-25 02:10:00',0,NULL,1,'economy','L',0,'Pieces',5930,2159,223,223,72,524901,498817,NULL,1485294600,1485299400),(747,362,0,0,'A','1','257','2017-01-25 00:50:00','2017-01-25 02:10:00',0,NULL,1,'economy','L',0,'Pieces',5930,2159,223,223,72,524901,498817,NULL,1485294600,1485299400),(748,363,0,0,NULL,'1','79','2017-01-25 10:00:00','2017-01-25 11:30:00',0,NULL,1,'economy','A',10,'Kilograms',758,2159,303,303,1,524901,498817,'39M92K',1485327600,1485333000),(749,364,0,0,'A','1','257','2017-01-25 00:50:00','2017-01-25 02:10:00',0,NULL,1,'economy','L',0,'Pieces',5930,2159,223,223,72,524901,498817,NULL,1485294600,1485299400),(750,365,0,0,'A','1','257','2017-01-25 00:50:00','2017-01-25 02:10:00',0,NULL,1,'economy','L',0,'Pieces',5930,2159,223,223,72,524901,498817,NULL,1485294600,1485299400),(751,366,1,0,'D','1','100','2017-02-21 10:10:00','2017-02-21 12:25:00',0,615,1,'economy','N',NULL,NULL,5135,1488,5,5,20,524901,5128581,NULL,NULL,NULL),(752,367,1,0,'E','2','1845','2017-02-16 07:00:00','2017-02-16 09:10:00',0,250,1,'economy','T',NULL,NULL,5135,515,20,20,2,524901,2988507,NULL,NULL,NULL),(753,367,2,0,'2','1','1624','2017-02-16 13:15:00','2017-02-16 14:45:00',0,150,1,'economy','T',NULL,NULL,515,2236,20,20,3,2988507,2267057,NULL,NULL,NULL),(754,368,0,0,'A',NULL,'357','2017-01-19 17:50:00','2017-01-19 20:20:00',0,NULL,1,'economy','K',0,'Pieces',5930,1995,223,223,72,524901,499099,NULL,1484837400,1484842800),(755,369,1,0,'A',NULL,'161','2017-02-16 10:10:00','2017-02-16 11:40:00',0,90,1,'economy','K',NULL,NULL,5930,1036,223,223,23,524901,520555,NULL,NULL,NULL),(756,369,2,0,NULL,NULL,'112','2017-02-16 13:20:00','2017-02-16 15:50:00',0,90,1,'economy','L',NULL,NULL,1036,1995,223,223,23,520555,499099,NULL,NULL,NULL),(757,371,0,0,'D',NULL,'1210','2017-02-15 08:00:00','2017-02-15 10:45:00',0,NULL,1,'economy','N',1,'Pieces',5135,1995,5,5,97,524901,499099,NULL,1487134800,1487141100),(761,372,0,0,NULL,'2','2531','2017-02-15 09:00:00','2017-02-15 10:20:00',0,NULL,1,'economy','K',1,'Pieces',758,7522,152,152,1,524901,NULL,'39QSRB',1487138400,1487150400),(762,372,1,0,'2','1','8871','2017-02-15 12:15:00','2017-02-15 15:40:00',0,NULL,1,'economy','K',1,'Pieces',7522,1488,152,220,34,NULL,5128581,NULL,1487157300,1487173200),(763,373,0,0,'D','1','38','2017-02-16 14:00:00','2017-02-16 15:20:00',0,NULL,1,'economy','T',1,'Pieces',5135,2159,5,5,1,524901,498817,NULL,1487242800,1487247600),(764,373,1,0,'1',NULL,'6231','2017-02-17 08:40:00','2017-02-17 12:00:00',0,NULL,1,'economy','T',1,'Pieces',2159,1995,179,5,2,498817,499099,NULL,1487310000,1487318400),(765,374,0,0,NULL,NULL,NULL,'2017-02-18 00:00:00',NULL,NULL,NULL,NULL,'economy',NULL,NULL,NULL,NULL,2879,NULL,NULL,NULL,524901,532288,NULL,NULL,NULL),(766,376,1,0,'D',NULL,'1428','2017-02-16 00:55:00','2017-02-16 05:10:00',0,135,1,'economy','N',NULL,NULL,5135,2879,5,5,115,524901,532288,NULL,NULL,NULL),(767,377,0,0,'D','1','1270','2017-02-23 06:25:00','2017-02-23 08:05:00',0,NULL,1,'economy','N',1,'Pieces',5135,2069,5,5,115,524901,551487,NULL,1487820300,1487826300),(768,378,0,0,'D',NULL,'1360','2017-02-17 09:35:00','2017-02-17 12:20:00',0,NULL,1,'economy','N',1,'Pieces',5135,4558,5,5,115,524901,498677,NULL,1487313300,1487323200),(773,384,0,0,NULL,NULL,NULL,'2017-02-09 00:00:00',NULL,NULL,NULL,NULL,'economy',NULL,NULL,NULL,NULL,NULL,NULL,NULL,NULL,524901,2988507,NULL,NULL,NULL),(774,384,1,1,NULL,NULL,NULL,'2017-02-12 00:00:00',NULL,NULL,NULL,NULL,'economy',NULL,NULL,NULL,NULL,NULL,NULL,NULL,NULL,2988507,524901,NULL,NULL,NULL),(776,386,0,0,NULL,NULL,NULL,'2017-02-14 00:00:00',NULL,NULL,NULL,NULL,'business',NULL,NULL,NULL,NULL,3358,NULL,NULL,NULL,524901,NULL,NULL,NULL,NULL),(777,387,0,0,NULL,NULL,NULL,'2017-02-23 00:00:00',NULL,NULL,NULL,NULL,'economy',NULL,NULL,NULL,NULL,8034,NULL,NULL,NULL,524901,NULL,NULL,NULL,NULL),(778,387,1,1,NULL,NULL,NULL,'2017-02-26 00:00:00',NULL,NULL,NULL,NULL,'economy',NULL,NULL,NULL,8034,NULL,NULL,NULL,NULL,NULL,524901,NULL,NULL,NULL),(782,389,0,0,NULL,NULL,NULL,'2017-02-16 00:00:00',NULL,NULL,NULL,NULL,'economy',NULL,NULL,NULL,NULL,1995,NULL,NULL,NULL,524901,499099,NULL,NULL,NULL),(784,385,0,0,NULL,NULL,NULL,'2017-01-20 00:00:00',NULL,NULL,NULL,NULL,'economy',NULL,NULL,NULL,NULL,1995,NULL,NULL,NULL,524901,499099,NULL,NULL,NULL),(785,388,0,0,NULL,NULL,NULL,'2017-02-15 00:00:00',NULL,NULL,NULL,NULL,'economy',NULL,NULL,NULL,NULL,NULL,NULL,NULL,NULL,524901,2988507,NULL,NULL,NULL),(787,391,0,0,NULL,NULL,NULL,'2017-02-16 00:00:00',NULL,NULL,NULL,NULL,'economy',NULL,NULL,NULL,NULL,2449,NULL,NULL,NULL,524901,NULL,NULL,NULL,NULL),(790,392,0,0,NULL,NULL,NULL,'2017-02-22 00:00:00',NULL,NULL,NULL,NULL,'economy',NULL,NULL,NULL,NULL,2449,NULL,NULL,NULL,524901,NULL,NULL,NULL,NULL),(791,392,1,1,NULL,NULL,NULL,'2017-02-22 00:00:00',NULL,NULL,NULL,NULL,'economy',NULL,NULL,NULL,2449,NULL,NULL,NULL,NULL,NULL,524901,NULL,NULL,NULL),(792,390,0,0,NULL,NULL,NULL,'2017-02-16 00:00:00',NULL,NULL,NULL,NULL,'economy',NULL,NULL,NULL,NULL,1995,NULL,NULL,NULL,524901,499099,NULL,NULL,NULL),(793,393,0,0,NULL,NULL,NULL,'2017-02-16 00:00:00',NULL,NULL,NULL,NULL,'economy',NULL,NULL,NULL,NULL,NULL,NULL,NULL,NULL,524901,2988507,NULL,NULL,NULL),(794,394,0,0,NULL,NULL,NULL,'2017-02-16 00:00:00',NULL,NULL,NULL,NULL,'economy',NULL,NULL,NULL,NULL,649,NULL,NULL,NULL,524901,569696,NULL,NULL,NULL),(795,395,0,0,NULL,NULL,NULL,'2017-02-16 00:00:00',NULL,NULL,NULL,NULL,'economy',NULL,NULL,NULL,NULL,NULL,NULL,NULL,NULL,524901,2988507,NULL,NULL,NULL),(797,396,1,0,NULL,NULL,'994','2017-02-15 21:50:00','2017-02-15 23:10:00',0,80,1,'economy','S',NULL,NULL,758,7066,58,58,72,524901,NULL,'BGACKQ',1487143200,1487148300),(798,396,2,0,NULL,'2','865','2017-02-16 11:40:00','2017-02-16 12:40:00',0,180,1,'economy','S',NULL,NULL,7066,515,58,58,111,NULL,2988507,'BGACKQ',1487234400,1487245200),(799,397,0,0,'E',NULL,'427','2017-02-15 05:50:00','2017-02-15 06:35:00',0,105,1,'economy','V',0,'Pieces',5135,4437,1120,1120,72,524901,456172,'2GRRGO',1487127000,1487133300),(800,397,1,0,NULL,'2','691','2017-02-15 07:25:00','2017-02-15 09:20:00',0,175,1,'economy','V',0,'Pieces',4437,515,1120,1120,137,456172,2988507,'2GRRGO',1487136300,1487146800),(801,398,0,0,NULL,NULL,'972','2017-02-15 10:20:00','2017-02-15 11:45:00',0,85,1,'economy','P',20,'Kilograms',7865,7066,58,58,58,NULL,NULL,'WCQOIN',1487143200,1487148300),(802,399,0,0,'A','I','414','2017-01-27 13:35:00','2017-01-27 16:45:00',0,190,1,'economy','P',30,'Kilograms',5930,8378,214,214,97,524901,745044,'R46VUK',1485513300,1485528300),(803,399,1,0,'I','1','54','2017-01-28 02:10:00','2017-01-28 17:55:00',0,645,1,'economy','P',30,'Kilograms',8378,8335,214,214,36,745044,1880252,'R46VUK',1485562200,1485597300),(804,399,2,1,'1','I','55','2017-01-31 23:35:00','2017-02-01 06:40:00',0,725,1,'economy','P',30,'Kilograms',8335,8378,214,214,36,1880252,745044,'R46VUK',1485876900,1485924000),(805,399,3,1,'I','A','413','2017-02-01 09:35:00','2017-02-01 12:40:00',0,185,1,'economy','P',30,'Kilograms',8378,5930,214,214,97,745044,524901,'R46VUK',1485934500,1485942000),(809,402,1,0,'A','1','6012','2017-02-15 06:30:00','2017-02-15 07:55:00',0,85,1,'economy','L',NULL,NULL,5930,2159,179,5,42,524901,498817,NULL,NULL,NULL),(810,402,2,0,'1','2','6635','2017-02-15 10:10:00','2017-02-15 11:40:00',0,210,1,'economy','L',NULL,NULL,2159,515,179,5,1,498817,2988507,NULL,NULL,NULL),(811,403,0,0,NULL,NULL,NULL,'2017-02-18 00:00:00',NULL,NULL,NULL,NULL,'economy',NULL,NULL,NULL,NULL,NULL,NULL,NULL,NULL,524901,2643743,NULL,NULL,NULL),(813,405,0,0,'E',NULL,'427','2017-02-15 05:50:00','2017-02-15 06:35:00',0,105,1,'economy','V',0,'Pieces',5135,4437,1120,1120,72,524901,456172,'2IEM23',1487127000,1487133300),(814,405,1,0,NULL,'2','691','2017-02-15 07:25:00','2017-02-15 09:20:00',0,175,1,'economy','V',0,'Pieces',4437,515,1120,1120,137,456172,2988507,'2IEM23',1487136300,1487146800),(815,407,0,0,'','','444','2017-02-17 00:00:00','2017-01-20 11:33:32',NULL,-39626,NULL,'economy','',NULL,NULL,758,4109,5,5,NULL,524901,1520240,NULL,1487278800,1484901212),(817,408,0,0,NULL,NULL,NULL,'2017-02-15 00:00:00',NULL,NULL,NULL,NULL,'economy',NULL,NULL,NULL,NULL,721,NULL,NULL,NULL,524901,1273294,NULL,NULL,NULL),(818,409,0,0,'','','23','2017-02-16 00:00:00','2017-01-20 11:48:47',NULL,-38171,NULL,'economy','',NULL,NULL,758,515,194,194,NULL,524901,2988507,NULL,1487192400,1484902127),(820,404,0,0,'A',NULL,'485','2017-02-11 10:35:00','2017-02-11 13:15:00',0,NULL,1,'economy','K',NULL,NULL,5930,1995,223,223,72,524901,499099,NULL,1486798500,1486804500),(821,411,0,0,'D',NULL,'1508','2017-02-03 01:40:00','2017-02-03 06:25:00',0,165,1,'economy','N',1,'Pieces',5135,5429,5,5,115,524901,NULL,'GKAMHH',1486075200,1486085100),(822,411,1,1,NULL,'1','6452','2017-02-08 05:45:00','2017-02-08 07:00:00',0,195,1,'economy','N',1,'Pieces',5429,2159,179,5,2,NULL,498817,'GKAMHH',1486514700,1486526400),(823,411,2,1,'1','A','6027','2017-02-08 08:15:00','2017-02-08 09:40:00',0,85,1,'economy','N',1,'Pieces',2159,5930,179,5,2,498817,524901,'GKAMHH',1486530900,1486536000),(824,412,0,0,NULL,'1','79','2017-01-30 09:50:00','2017-01-30 11:30:00',0,NULL,1,'economy','O',10,'Kilograms',758,2159,303,303,1,524901,498817,NULL,1485759000,1485765000),(825,413,0,0,'F',NULL,'2694','2017-03-11 14:35:00','2017-03-11 16:10:00',0,215,1,'economy','N',1,'Pieces',5135,8034,5,5,138,524901,NULL,'AZFRWQ',1489232100,1489245000),(826,413,1,1,NULL,'F','2193','2017-03-19 23:40:00','2017-03-20 04:45:00',0,185,1,'economy','N',1,'Pieces',8034,5135,5,5,1,NULL,524901,'AZFRWQ',1489963200,1489974300),(827,414,0,0,'E','2','1145','2017-01-30 09:45:00','2017-01-30 11:55:00',0,250,1,'economy','N',1,'Pieces',5135,515,20,20,2,524901,2988507,NULL,1485758700,1485773700),(828,414,1,0,'2','1','1020','2017-01-30 13:35:00','2017-01-30 16:05:00',0,510,1,'economy','T',1,'Pieces',515,1488,20,95,119,2988507,5128581,NULL,1485779700,1485792300),(829,415,0,0,NULL,NULL,'775','2017-02-14 18:15:00','2017-02-14 20:50:00',0,NULL,1,'economy','A',1,'Pieces',758,4558,1049,1049,112,524901,498677,NULL,1487085300,1487094600),(830,416,1,0,'D','1','32','2017-02-23 21:00:00','2017-02-23 22:30:00',0,90,1,'economy','N',NULL,NULL,5135,2159,5,5,3,524901,498817,'IRQPPS',1487872800,1487878200),(831,416,2,0,'1','1','6911','2017-02-24 21:00:00','2017-02-25 01:45:00',0,225,1,'economy','N',NULL,NULL,2159,1087,179,5,2,498817,587084,'IRQPPS',1487959200,1487972700),(832,416,3,1,'1','D','1855','2017-02-28 16:05:00','2017-02-28 18:25:00',0,200,1,'economy','N',NULL,NULL,1087,5135,5,5,97,587084,524901,'IRQPPS',1488283500,1488295500),(833,417,0,0,'E','1','1854','2017-02-23 10:55:00','2017-02-23 15:00:00',0,185,1,'economy','Q',1,'Pieces',5135,1087,5,5,97,524901,587084,'DSUVQZ',1487836500,1487847600),(834,417,1,1,'1','D','1855','2017-02-27 16:05:00','2017-02-27 18:25:00',0,200,1,'economy','E',1,'Pieces',1087,5135,5,5,97,587084,524901,'DSUVQZ',1488197100,1488209100),(836,418,0,0,NULL,NULL,NULL,'2017-01-28 00:00:00',NULL,NULL,NULL,NULL,'economy',NULL,NULL,NULL,NULL,NULL,NULL,NULL,NULL,524901,587084,NULL,NULL,NULL),(837,419,0,0,NULL,NULL,NULL,'2017-01-24 00:00:00',NULL,NULL,NULL,NULL,'economy',NULL,NULL,NULL,NULL,1995,NULL,NULL,NULL,524901,499099,NULL,NULL,NULL),(840,420,1,0,'D','1','2514','2017-02-26 13:35:00','2017-02-26 16:00:00',0,265,1,'economy','Y',NULL,NULL,5135,255,5,5,97,524901,3128760,NULL,NULL,NULL),(841,420,2,1,'1','D','2639','2017-03-10 11:35:00','2017-03-10 18:00:00',0,265,1,'economy','E',NULL,NULL,255,5135,5,5,138,3128760,524901,NULL,NULL,NULL),(842,424,0,0,'E','2','1845','2017-02-11 07:00:00','2017-02-11 09:10:00',0,250,1,'economy','X',1,'Pieces',5135,515,20,20,2,524901,2988507,'2NVTHB',1486785600,1486800600),(843,424,1,1,'2','E','1744','2017-02-23 12:45:00','2017-02-23 18:35:00',0,230,1,'economy','X',1,'Pieces',515,5135,20,20,1,2988507,524901,'2NVTHB',1487850300,1487864100),(844,425,0,0,'D',NULL,'1602','2017-02-04 06:30:00','2017-02-04 09:15:00',0,105,1,'economy','N',1,'Pieces',5135,1995,5,5,1,524901,499099,'HYVLMY',1486179000,1486185300),(845,425,1,1,NULL,'D','1213','2017-02-16 17:20:00','2017-02-16 18:15:00',0,115,1,'economy','E',1,'Pieces',1995,5135,5,5,115,499099,524901,'HYVLMY',1487251200,1487258100),(846,426,0,0,NULL,NULL,NULL,'2017-02-16 00:00:00',NULL,NULL,NULL,NULL,'economy',NULL,NULL,NULL,NULL,8335,NULL,NULL,NULL,524901,1880252,NULL,NULL,NULL),(848,427,0,0,'','','555','2017-02-16 00:00:00','2017-01-24 23:52:00',NULL,-31688,NULL,'business','',NULL,NULL,758,8335,5,5,NULL,524901,1880252,NULL,1487163600,1485262320),(850,428,1,0,'D','4','2580','2017-02-16 08:15:00','2017-02-16 09:30:00',0,255,1,'economy','M',NULL,NULL,5135,2215,5,5,3,524901,2643743,NULL,NULL,NULL),(851,428,2,0,'3',NULL,'39','2017-02-16 11:05:00','2017-02-16 16:15:00',0,610,1,'economy','H',NULL,NULL,2215,8457,46,46,20,2643743,NULL,NULL,NULL,NULL),(852,429,1,0,'D','4','2578','2017-02-15 10:55:00','2017-02-15 12:15:00',0,260,1,'economy','M',NULL,NULL,5135,2215,5,5,36,524901,2643743,NULL,NULL,NULL),(853,429,2,0,'3','D','79','2017-02-15 14:20:00','2017-02-15 18:45:00',0,625,1,'economy','H',NULL,NULL,2215,726,46,46,20,2643743,4684888,NULL,NULL,NULL),(854,429,3,0,'0',NULL,'2329','2017-02-15 20:40:00','2017-02-16 00:17:00',0,157,1,'economy','H',NULL,NULL,726,8457,46,46,42,4684888,NULL,NULL,NULL,NULL),(855,430,0,0,NULL,NULL,NULL,'2017-02-16 00:00:00',NULL,NULL,NULL,NULL,'economy',NULL,NULL,NULL,NULL,1995,NULL,NULL,NULL,524901,499099,NULL,NULL,NULL),(858,432,0,0,NULL,NULL,NULL,'2017-02-16 00:00:00',NULL,NULL,NULL,NULL,'economy',NULL,NULL,NULL,NULL,NULL,NULL,NULL,NULL,524901,2988507,NULL,NULL,NULL),(864,434,0,0,NULL,NULL,NULL,'2017-01-30 00:00:00',NULL,NULL,NULL,NULL,'economy',NULL,NULL,NULL,NULL,2159,NULL,NULL,NULL,524901,498817,NULL,NULL,NULL),(871,431,0,0,NULL,NULL,NULL,'2017-01-27 00:00:00',NULL,NULL,NULL,NULL,'economy',NULL,NULL,NULL,NULL,1995,NULL,NULL,NULL,524901,499099,NULL,NULL,NULL),(872,435,0,0,NULL,NULL,NULL,'2017-01-27 00:00:00',NULL,NULL,NULL,NULL,'economy',NULL,NULL,NULL,NULL,1995,NULL,NULL,NULL,524901,499099,NULL,NULL,NULL),(873,436,0,0,NULL,NULL,NULL,'2017-01-28 00:00:00',NULL,NULL,NULL,NULL,'economy',NULL,NULL,NULL,NULL,1995,NULL,NULL,NULL,524901,499099,NULL,NULL,NULL),(874,433,0,0,NULL,NULL,NULL,'2017-01-28 00:00:00',NULL,NULL,NULL,NULL,'economy',NULL,NULL,NULL,NULL,1995,NULL,NULL,NULL,524901,499099,NULL,NULL,NULL),(875,437,0,0,NULL,NULL,NULL,'2017-02-18 00:00:00',NULL,NULL,NULL,NULL,'economy',NULL,NULL,NULL,NULL,3621,NULL,NULL,NULL,524901,1496747,NULL,NULL,NULL),(876,437,1,1,NULL,NULL,NULL,'2017-02-22 00:00:00',NULL,NULL,NULL,NULL,'economy',NULL,NULL,NULL,3621,NULL,NULL,NULL,NULL,1496747,524901,NULL,NULL,NULL),(879,438,0,0,NULL,NULL,NULL,'2017-01-30 00:00:00',NULL,NULL,NULL,NULL,'economy',NULL,NULL,NULL,NULL,NULL,NULL,NULL,NULL,524901,2643743,NULL,NULL,NULL),(880,438,1,1,NULL,NULL,NULL,'2017-02-24 00:00:00',NULL,NULL,NULL,NULL,'economy',NULL,NULL,NULL,NULL,NULL,NULL,NULL,NULL,2643743,524901,NULL,NULL,NULL),(885,439,0,0,NULL,NULL,NULL,'2017-01-31 00:00:00',NULL,NULL,NULL,NULL,'economy',NULL,NULL,NULL,NULL,NULL,NULL,NULL,NULL,524901,2643743,NULL,NULL,NULL),(886,439,1,1,NULL,NULL,NULL,'2017-02-14 00:00:00',NULL,NULL,NULL,NULL,'economy',NULL,NULL,NULL,NULL,NULL,NULL,NULL,NULL,2643743,524901,NULL,NULL,NULL),(891,440,1,0,NULL,NULL,'201','2017-05-26 00:45:00','2017-05-26 05:25:00',0,160,1,'economy','R',NULL,NULL,758,5429,194,194,2,524901,NULL,NULL,NULL,NULL),(892,440,2,1,NULL,'D','1509','2017-06-09 07:25:00','2017-06-09 08:15:00',0,170,1,'economy','B',NULL,NULL,5429,5135,5,5,115,NULL,524901,NULL,NULL,NULL),(893,441,1,0,'D',NULL,'1360','2017-01-30 09:35:00','2017-01-30 12:20:00',0,165,1,'economy','N',NULL,NULL,5135,4558,5,5,115,524901,498677,NULL,NULL,NULL),(894,441,2,1,NULL,'D','1361','2017-02-24 13:20:00','2017-02-24 13:50:00',0,30,1,'economy','N',NULL,NULL,4558,5135,5,5,115,498677,524901,NULL,NULL,NULL),(895,442,0,0,NULL,NULL,NULL,'2017-01-30 00:00:00',NULL,NULL,NULL,NULL,'economy',NULL,NULL,NULL,NULL,1995,NULL,NULL,NULL,524901,499099,NULL,NULL,NULL),(896,442,1,1,NULL,NULL,NULL,'2017-02-14 00:00:00',NULL,NULL,NULL,NULL,'economy',NULL,NULL,NULL,1995,NULL,NULL,NULL,NULL,499099,524901,NULL,NULL,NULL),(897,444,0,0,'','','YY252','2017-02-10 11:35:00','2017-02-10 15:55:00',NULL,260,NULL,'economy','H',NULL,NULL,5135,1995,NULL,8,94,524901,499099,NULL,1486715700,1486731300),(900,445,0,0,'','','YY252','2017-02-10 11:35:00','2017-02-10 15:55:00',NULL,260,NULL,'economy','H',NULL,NULL,5135,1995,NULL,1461,94,524901,499099,NULL,1486715700,1486731300),(901,446,0,0,'','','','2017-02-26 00:00:00','2017-02-27 13:45:00',NULL,2265,NULL,'economy','',NULL,NULL,5135,340,NULL,213,112,524901,1609350,NULL,1488056400,1488192300),(902,446,1,1,'','','','2017-01-27 13:14:00','2017-01-28 18:45:00',NULL,1771,NULL,'economy','',NULL,NULL,340,6433,NULL,213,NULL,1609350,NULL,NULL,1485512040,1485618300),(903,447,0,0,'','','','2017-02-26 00:00:00','2017-02-27 13:45:00',NULL,2265,NULL,'economy','',NULL,NULL,758,340,NULL,213,112,524901,1609350,NULL,1488056400,1488192300),(904,447,1,1,'','','','2017-01-27 13:14:00','2017-01-28 18:45:00',NULL,1771,NULL,NULL,'',NULL,NULL,340,6433,NULL,213,NULL,1609350,NULL,NULL,1485512040,1485618300),(905,448,0,0,'','','','2017-02-26 00:00:00','2017-02-27 13:45:00',NULL,2265,NULL,NULL,'',NULL,NULL,758,340,NULL,213,112,524901,1609350,NULL,1488056400,1488192300),(906,448,1,1,'','','','2017-01-27 13:14:00','2017-01-28 18:45:00',NULL,1771,NULL,NULL,'',NULL,NULL,340,6433,NULL,213,NULL,1609350,NULL,NULL,1485512040,1485618300),(907,449,0,0,'','','','2017-02-26 00:00:00','2017-02-27 13:45:00',NULL,2265,NULL,'economy','',NULL,NULL,5135,340,NULL,5,53,524901,1609350,NULL,1488027600,1488163500),(908,449,1,1,'','','','2017-01-27 13:14:00','2017-01-28 18:45:00',NULL,1771,NULL,'economy','',NULL,NULL,340,6433,NULL,5,53,1609350,NULL,NULL,1485483240,1485589500),(910,455,0,0,NULL,NULL,NULL,'2017-01-30 00:00:00',NULL,NULL,NULL,NULL,'economy',NULL,NULL,NULL,NULL,NULL,NULL,NULL,NULL,524901,5128581,NULL,NULL,NULL),(913,456,1,0,'D',NULL,'1214','2017-01-30 17:55:00','2017-01-30 20:40:00',0,105,1,'economy','N',NULL,NULL,5135,1995,5,5,97,524901,499099,NULL,NULL,NULL),(914,457,1,0,'D','1','36','2017-02-28 01:00:00','2017-02-28 02:20:00',0,80,1,'economy','N',NULL,NULL,5135,2159,5,5,138,524901,498817,NULL,NULL,NULL),(915,457,2,0,'1',NULL,'6231','2017-02-28 08:40:00','2017-02-28 12:00:00',0,140,1,'economy','N',NULL,NULL,2159,1995,179,5,2,498817,499099,NULL,NULL,NULL),(916,458,0,0,NULL,NULL,NULL,'2017-02-03 00:00:00',NULL,NULL,NULL,NULL,'economy',NULL,NULL,NULL,NULL,NULL,NULL,NULL,NULL,524901,2988507,NULL,NULL,NULL),(917,458,1,1,NULL,NULL,NULL,'2017-02-08 00:00:00',NULL,NULL,NULL,NULL,'economy',NULL,NULL,NULL,NULL,NULL,NULL,NULL,NULL,2988507,524901,NULL,NULL,NULL),(920,460,0,0,NULL,NULL,NULL,'2017-02-19 00:00:00',NULL,NULL,NULL,NULL,'economy',NULL,NULL,NULL,NULL,1995,NULL,NULL,NULL,524901,499099,NULL,NULL,NULL),(921,461,0,0,NULL,NULL,NULL,'2017-02-22 00:00:00',NULL,NULL,NULL,NULL,'economy',NULL,NULL,NULL,NULL,1995,NULL,NULL,NULL,524901,499099,NULL,NULL,NULL),(922,462,0,0,NULL,NULL,NULL,'2017-02-16 00:00:00',NULL,NULL,NULL,NULL,'economy',NULL,NULL,NULL,NULL,1995,NULL,NULL,NULL,524901,499099,NULL,NULL,NULL),(923,463,0,0,NULL,NULL,NULL,'2017-02-16 00:00:00',NULL,NULL,NULL,NULL,'economy',NULL,NULL,NULL,NULL,NULL,NULL,NULL,NULL,524901,2988507,NULL,NULL,NULL),(926,464,0,0,NULL,NULL,NULL,'2017-02-23 00:00:00',NULL,NULL,NULL,NULL,'economy',NULL,NULL,NULL,NULL,NULL,NULL,NULL,NULL,524901,2988507,NULL,NULL,NULL),(927,459,0,0,NULL,NULL,NULL,'2017-02-07 00:00:00',NULL,NULL,NULL,NULL,'economy',NULL,NULL,NULL,NULL,NULL,NULL,NULL,NULL,524901,2988507,NULL,NULL,NULL),(928,459,1,1,NULL,NULL,NULL,'2017-02-10 00:00:00',NULL,NULL,NULL,NULL,'economy',NULL,NULL,NULL,NULL,NULL,NULL,NULL,NULL,2988507,524901,NULL,NULL,NULL),(930,465,0,0,NULL,NULL,NULL,'2017-02-18 00:00:00',NULL,NULL,NULL,NULL,'economy',NULL,NULL,NULL,NULL,NULL,NULL,NULL,NULL,524901,3451190,NULL,NULL,NULL),(931,466,0,0,NULL,NULL,NULL,'2017-02-17 00:00:00',NULL,NULL,NULL,NULL,'economy',NULL,NULL,NULL,NULL,3740,NULL,NULL,NULL,524901,3068582,NULL,NULL,NULL),(932,466,1,1,NULL,NULL,NULL,'2017-02-19 00:00:00',NULL,NULL,NULL,NULL,'economy',NULL,NULL,NULL,3740,NULL,NULL,NULL,NULL,3068582,524901,NULL,NULL,NULL),(933,467,0,0,NULL,NULL,NULL,'2017-01-31 00:00:00',NULL,NULL,NULL,NULL,'economy',NULL,NULL,NULL,NULL,1995,NULL,NULL,NULL,524901,499099,NULL,NULL,NULL),(934,468,0,0,'','','345435','2017-02-08 00:00:00','2017-01-02 09:45:00',NULL,-52695,NULL,'economy','',NULL,NULL,4187,1995,5,1051,137,NULL,499099,NULL,1486501200,1483339500),(935,469,0,0,NULL,NULL,NULL,'2017-01-31 00:00:00',NULL,NULL,NULL,NULL,'economy',NULL,NULL,NULL,NULL,1995,NULL,NULL,NULL,524901,499099,NULL,NULL,NULL),(939,470,1,0,'A',NULL,'559','2017-02-13 00:45:00','2017-02-13 03:15:00',0,150,1,'economy','K',NULL,NULL,5930,2558,223,223,72,524901,532096,NULL,NULL,NULL),(940,471,0,0,NULL,NULL,NULL,'2017-02-21 00:00:00',NULL,NULL,NULL,NULL,'economy',NULL,NULL,NULL,NULL,NULL,NULL,NULL,NULL,524901,2988507,NULL,NULL,NULL),(941,472,0,0,'','','555','2017-02-21 00:00:00','2017-01-31 12:46:00',NULL,-29474,NULL,'economy','',NULL,NULL,758,5135,223,223,NULL,524901,524901,NULL,1487624400,1485855960),(942,473,0,0,'','','555','2017-02-21 00:00:00','2017-01-31 12:46:00',NULL,-29474,NULL,'economy','',NULL,NULL,758,5135,303,303,NULL,524901,524901,NULL,1487624400,1485855960),(944,474,0,0,NULL,NULL,NULL,'2017-02-02 00:00:00',NULL,NULL,NULL,NULL,'economy',NULL,NULL,NULL,NULL,1995,NULL,NULL,NULL,524901,499099,NULL,NULL,NULL),(945,475,0,0,'D',NULL,'1602','2017-02-25 06:30:00','2017-02-25 09:15:00',0,105,1,'economy','Q',1,'Pieces',5135,1995,5,5,1,524901,499099,'YOBFKH',1487993400,1487999700),(946,475,1,1,NULL,'D','1217','2017-03-02 06:20:00','2017-03-02 07:00:00',0,100,1,'economy','N',1,'Pieces',1995,5135,5,5,3,499099,524901,'YOBFKH',1488421200,1488427200),(947,476,0,0,'A',NULL,'421','2017-02-02 18:45:00','2017-02-02 21:40:00',0,NULL,1,'economy','O',10,'Kilograms',5930,1995,1849,1849,42,524901,499099,NULL,1486050300,1486057200),(950,478,0,0,'','','544','2017-02-16 00:00:00','2017-01-31 15:32:00',NULL,-22108,NULL,'economy','',NULL,NULL,515,2215,NULL,194,NULL,2988507,2643743,NULL,1487192400,1485865920),(953,477,0,0,NULL,NULL,NULL,'2017-02-15 00:00:00',NULL,NULL,NULL,NULL,'economy',NULL,NULL,NULL,NULL,NULL,NULL,NULL,NULL,524901,2643743,NULL,NULL,NULL),(954,477,1,1,NULL,NULL,NULL,'2017-02-19 00:00:00',NULL,NULL,NULL,NULL,'economy',NULL,NULL,NULL,NULL,NULL,NULL,NULL,NULL,2643743,524901,NULL,NULL,NULL),(959,479,0,0,'D','4','2580','2017-02-19 08:15:00','2017-02-19 09:30:00',0,255,1,'economy','Y',1,'Pieces',5135,2215,5,5,3,524901,2643743,'CBFYSM',1487481300,1487496600),(962,484,0,0,'1','2','111','2017-02-26 00:00:00','2017-02-17 19:30:00',NULL,-11790,NULL,'economy','',NULL,NULL,5135,6433,1289,1289,37,524901,NULL,NULL,1488056400,1487349000),(963,485,1,0,'1','2','333','2017-02-26 17:00:00','2017-02-26 23:50:00',NULL,410,NULL,'economy','',NULL,NULL,1149,6433,5,5,11,NULL,NULL,NULL,1488117600,1488142200),(964,485,0,0,'F','1','555','2017-02-26 09:00:00','2017-02-26 12:00:00',NULL,180,NULL,'economy','',NULL,NULL,5135,1995,5,5,37,524901,499099,NULL,1488088800,1488099600),(965,486,0,0,'F','1','555','2017-02-26 09:00:00','2017-02-26 12:00:00',NULL,180,NULL,'economy','',NULL,NULL,5135,234,5,5,37,524901,NULL,NULL,1488088800,1488099600),(966,486,1,0,'1','2','333','2017-02-26 17:00:00','2017-02-26 23:50:00',NULL,410,NULL,NULL,'',NULL,NULL,1149,6433,5,5,11,NULL,NULL,NULL,1488117600,1488142200),(969,480,0,0,NULL,NULL,NULL,'2017-02-17 00:00:00',NULL,NULL,NULL,NULL,'economy',NULL,NULL,NULL,NULL,1995,NULL,NULL,NULL,524901,499099,NULL,NULL,NULL),(971,487,1,0,'1','2','555','2017-02-26 04:05:00','2017-02-26 23:15:00',NULL,1150,NULL,'economy','',NULL,NULL,5135,6188,17,5,53,524901,NULL,NULL,1488071100,1488140100),(972,487,0,0,'5','3','222','2017-02-01 03:20:00','2017-02-01 17:25:00',NULL,845,NULL,'economy','',NULL,NULL,6188,5301,17,5,133,NULL,3516109,NULL,1485908400,1485959100),(973,488,0,0,NULL,NULL,NULL,'2017-02-24 00:00:00',NULL,NULL,NULL,NULL,'economy',NULL,NULL,NULL,NULL,1995,NULL,NULL,NULL,524901,499099,NULL,NULL,NULL),(974,488,1,1,NULL,NULL,NULL,'2017-02-28 00:00:00',NULL,NULL,NULL,NULL,'economy',NULL,NULL,NULL,1995,NULL,NULL,NULL,NULL,499099,524901,NULL,NULL,NULL),(975,489,0,0,'D',NULL,'1214','2017-02-18 17:55:00','2017-02-18 20:40:00',0,105,1,'economy','E',1,'Pieces',5135,1995,5,5,97,524901,499099,'GRXCYM',1487429700,1487436000),(976,489,1,1,NULL,'1','6232','2017-02-25 13:15:00','2017-02-25 14:40:00',0,145,1,'economy','N',1,'Pieces',1995,2159,179,5,2,499099,498817,'GRXCYM',1488014100,1488022800),(977,489,2,1,'1','D','39','2017-02-25 15:40:00','2017-02-25 17:00:00',0,80,1,'economy','N',1,'Pieces',2159,5135,5,5,1,498817,524901,'GRXCYM',1488026400,1488031200),(978,484,1,1,NULL,NULL,NULL,'2017-02-01 15:19:54',NULL,NULL,NULL,NULL,NULL,NULL,NULL,NULL,NULL,NULL,NULL,NULL,NULL,NULL,NULL,NULL,1485951594,NULL),(979,490,0,0,'D',NULL,'1602','2017-03-10 06:30:00','2017-03-10 09:15:00',0,105,1,'economy','N',1,'Pieces',5135,1995,5,5,1,524901,499099,'BPZCVX',1489116600,1489122900),(982,491,0,0,'D','2','2452','2017-03-30 07:50:00','2017-03-30 10:45:00',0,235,1,'economy','N',1,'Pieces',5135,515,5,5,3,524901,2988507,'DLIZSA',1490849400,1490863500),(983,491,1,1,'S','A','6638','2017-04-12 15:30:00','2017-04-12 20:10:00',0,220,1,'economy','N',1,'Pieces',3569,5930,179,5,2,2988507,524901,'DLIZSA',1492003800,1492017000),(984,492,0,0,'D','2','2450','2017-02-24 08:45:00','2017-02-24 10:45:00',0,240,1,'economy','N',1,'Pieces',5135,515,5,5,3,524901,2988507,'DJFUTL',1487915100,1487929500),(985,492,1,1,'2','D','2459','2017-02-28 17:45:00','2017-02-28 23:20:00',0,215,1,'economy','N',1,'Pieces',515,5135,5,5,1,2988507,524901,'DJFUTL',1488300300,1488313200),(986,493,0,0,'A','S','6637','2017-04-14 11:00:00','2017-04-14 14:00:00',0,240,1,'economy','N',1,'Pieces',5930,3569,179,5,2,524901,2988507,'NLKPCT',1492156800,1492171200),(987,493,1,1,'S','A','6638','2017-04-21 15:30:00','2017-04-21 20:10:00',0,220,1,'economy','N',1,'Pieces',3569,5930,179,5,2,2988507,524901,'NLKPCT',1492781400,1492794600),(988,494,0,0,'D','2','2450','2017-02-24 08:45:00','2017-02-24 10:45:00',0,240,1,'economy','N',1,'Pieces',5135,515,5,5,3,524901,2988507,'CRBGLA',1487915100,1487929500),(989,494,1,1,'2','D','2459','2017-02-28 17:45:00','2017-02-28 23:20:00',0,215,1,'economy','N',1,'Pieces',515,5135,5,5,1,2988507,524901,'CRBGLA',1488300300,1488313200),(990,495,0,0,'D','2','2452','2017-03-16 08:45:00','2017-03-16 10:45:00',0,240,1,'economy','N',1,'Pieces',5135,515,5,5,3,524901,2988507,'XMOXXF',1489643100,1489657500),(991,495,1,1,'2','D','260','2017-03-25 11:50:00','2017-03-25 17:25:00',0,215,1,'economy','N',1,'Pieces',515,5135,5,5,3,2988507,524901,'XMOXXF',1490439000,1490451900),(992,496,0,0,NULL,NULL,'111','2017-03-10 09:15:00','2017-03-10 10:15:00',0,NULL,1,'economy','Q',1,'Pieces',758,2336,1755,1755,22,524901,535121,NULL,1489126500,1489130100),(993,497,1,0,NULL,'1','1231','2017-03-24 05:00:00','2017-03-24 07:55:00',0,355,1,'economy','U',NULL,NULL,758,2236,211,211,1,524901,2267057,NULL,NULL,NULL),(994,497,2,0,'1','2','73','2017-03-24 23:25:00','2017-03-25 06:25:00',0,600,1,'economy','U',NULL,NULL,2236,1006,211,211,35,2267057,3451190,NULL,NULL,NULL),(997,498,1,0,'a','f','555','2017-02-17 00:00:00','2017-02-17 01:05:00',NULL,65,NULL,'economy','Y',NULL,NULL,758,4558,5,194,15,524901,498677,NULL,1487278800,1487282700),(1001,503,0,0,'D','1','','2017-03-29 10:00:00','2017-03-29 23:10:00',NULL,790,NULL,'economy','',NULL,NULL,5135,5883,5,NULL,1,524901,2119441,NULL,1490770800,1490818200),(1003,504,0,0,'D','1','','2017-03-29 10:00:00','2017-03-29 23:10:00',NULL,790,NULL,NULL,'',NULL,NULL,5135,5883,5,NULL,1,524901,2119441,NULL,1490770800,1490818200),(1004,504,1,0,'1','2','333','2017-03-30 03:10:00','2017-03-30 15:50:00',NULL,760,NULL,'economy','',NULL,NULL,1752,5883,5,NULL,1,2022890,2119441,NULL,1490832600,1490878200),(1006,503,1,1,NULL,NULL,NULL,'2017-02-02 10:35:20',NULL,NULL,NULL,NULL,NULL,NULL,NULL,NULL,NULL,NULL,NULL,NULL,NULL,NULL,NULL,NULL,1486020920,NULL),(1007,505,0,0,NULL,NULL,NULL,'2017-03-30 00:00:00',NULL,NULL,NULL,NULL,'economy',NULL,NULL,NULL,NULL,NULL,NULL,NULL,NULL,524901,2988507,NULL,NULL,NULL),(1008,506,0,0,'D','2','2450','2017-03-31 07:50:00','2017-03-31 10:45:00',0,235,1,'economy','L',1,'Pieces',5135,515,5,5,3,524901,2988507,'IPSRGA',1490935800,1490949900),(1009,507,1,0,'E',NULL,'2534','2017-03-14 20:15:00','2017-03-14 21:05:00',0,170,1,'economy','E',NULL,NULL,5135,8040,5,5,115,524901,NULL,NULL,NULL,NULL),(1011,508,1,0,'D','4','2580','2017-02-22 08:15:00','2017-02-22 09:30:00',0,255,1,'economy','L',NULL,NULL,5135,2215,5,5,3,524901,2643743,NULL,NULL,NULL),(1015,510,2,0,'','1','1337','2017-02-16 16:30:00','2017-02-16 18:20:00',0,110,1,'economy','Y',NULL,NULL,758,1078,203,203,1,524901,2660646,NULL,1487223000,1487229600),(1016,510,3,0,'1','4','9720','2017-02-17 11:50:00','2017-02-17 14:40:00',0,530,1,'economy','Y',NULL,NULL,1078,1488,203,220,36,2660646,5128581,NULL,NULL,NULL),(1017,510,6,1,'1','D','101','2017-03-26 14:20:00','2017-03-27 06:25:00',0,545,1,'economy','B',NULL,NULL,1488,5135,5,5,20,5128581,524901,NULL,NULL,NULL),(1018,509,0,0,NULL,NULL,NULL,'2017-03-24 00:00:00',NULL,NULL,NULL,NULL,'economy',NULL,NULL,NULL,NULL,NULL,NULL,NULL,NULL,524901,2988507,NULL,NULL,NULL),(1023,511,1,0,'F',NULL,'270','2017-03-08 19:40:00','2017-03-09 08:30:00',0,530,1,'economy','B',NULL,NULL,5135,340,5,5,20,524901,1609350,NULL,NULL,NULL),(1024,511,2,0,NULL,'D','275','2017-03-09 10:00:00','2017-03-09 11:25:00',0,85,1,'economy','Y',NULL,NULL,340,1152,57,57,1,1609350,1151254,NULL,NULL,NULL),(1025,511,3,0,'D',NULL,'282','2017-03-09 15:10:00','2017-03-09 16:50:00',0,100,1,'economy','Y',NULL,NULL,1152,5874,57,57,23,1151254,NULL,NULL,NULL,NULL),(1026,511,4,1,NULL,'D','281','2017-03-15 13:00:00','2017-03-15 14:40:00',0,100,1,'economy','T',NULL,NULL,5874,1152,57,57,23,NULL,1151254,NULL,NULL,NULL),(1030,498,3,1,NULL,NULL,NULL,'2017-02-03 10:14:37',NULL,NULL,NULL,NULL,NULL,NULL,NULL,NULL,NULL,NULL,NULL,NULL,NULL,NULL,NULL,NULL,1486106077,NULL),(1031,498,0,0,'','','','2017-02-03 10:18:00','2017-02-03 10:18:20',NULL,0,NULL,'economy','',NULL,NULL,2159,NULL,NULL,NULL,NULL,498817,NULL,NULL,1486106280,1486106300),(1032,498,2,0,'','','','2017-02-18 15:15:00','2017-02-03 10:19:40',NULL,-21895,NULL,'economy','',NULL,NULL,NULL,NULL,NULL,NULL,NULL,NULL,NULL,NULL,1487420100,1486106380),(1034,513,1,0,'D','1','36','2017-03-15 01:00:00','2017-03-15 02:20:00',0,80,1,'economy','N',NULL,NULL,5135,2159,5,5,1,524901,498817,NULL,NULL,NULL),(1036,514,0,0,NULL,NULL,NULL,'2017-03-03 00:00:00',NULL,NULL,NULL,NULL,'economy',NULL,NULL,NULL,NULL,NULL,NULL,NULL,NULL,524901,5128581,NULL,NULL,NULL),(1037,514,1,1,NULL,NULL,NULL,'2017-04-25 00:00:00',NULL,NULL,NULL,NULL,'economy',NULL,NULL,NULL,NULL,NULL,NULL,NULL,NULL,5128581,524901,NULL,NULL,NULL),(1038,515,0,0,NULL,NULL,NULL,'2017-02-10 00:00:00',NULL,NULL,NULL,NULL,'economy',NULL,NULL,NULL,NULL,1995,NULL,NULL,NULL,524901,499099,NULL,NULL,NULL),(1039,515,1,1,NULL,NULL,NULL,'2017-02-17 00:00:00',NULL,NULL,NULL,NULL,'economy',NULL,NULL,NULL,1995,NULL,NULL,NULL,NULL,499099,524901,NULL,NULL,NULL),(1041,516,0,1,'3','4','22','2017-02-24 19:55:00','2017-02-25 19:50:00',NULL,1435,NULL,'economy','B',NULL,NULL,1488,5135,95,95,3,5128581,524901,NULL,1487955300,1488041400),(1042,517,0,0,'D',NULL,'1602','2017-02-17 06:30:00','2017-02-17 09:15:00',0,105,1,'economy','N',1,'Pieces',5135,1995,5,5,97,524901,499099,'UPHLYE',1487302200,1487308500),(1043,517,1,1,NULL,'D','1215','2017-02-24 21:45:00','2017-02-24 22:25:00',0,100,1,'economy','N',1,'Pieces',1995,5135,5,5,97,499099,524901,'UPHLYE',1487958300,1487964300),(1045,518,0,1,'3','4','22','2017-02-24 19:55:00','2017-02-25 19:50:00',NULL,1435,NULL,'economy','B',NULL,NULL,1488,515,5,5,3,5128581,2988507,NULL,1487955300,1488041400),(1047,511,5,1,'I','F','275','2017-03-16 11:55:00','2017-03-16 18:05:00',0,610,1,'economy','B',NULL,NULL,1152,5135,5,5,20,1151254,524901,NULL,NULL,NULL),(1050,519,0,0,'2','5','21','2017-02-17 19:50:00','2017-02-17 12:50:00',NULL,-420,NULL,'economy','',NULL,NULL,5135,1488,NULL,95,1,524901,5128581,NULL,1487350200,1487325000),(1051,519,1,1,'3','4','22','2017-02-24 19:55:00','2017-02-25 19:50:00',NULL,1435,NULL,'economy','B',NULL,NULL,1488,5135,95,95,3,5128581,524901,NULL,1487955300,1488041400),(1054,521,0,0,'1','1','123','2017-03-02 07:35:00','2017-02-03 07:55:00',NULL,-38860,NULL,'economy','V',NULL,NULL,5135,515,NULL,5,31,524901,2988507,NULL,1488429300,1486097700),(1055,521,1,1,'2','2','321','2017-04-14 11:55:00','2017-04-14 15:55:00',NULL,240,NULL,'economy','B',NULL,NULL,515,5135,NULL,5,31,2988507,524901,NULL,1492160100,1492174500),(1056,522,0,0,'1','1','123','2017-03-02 07:35:00','2017-02-03 07:55:00',NULL,-38860,NULL,NULL,'V',NULL,NULL,5135,515,NULL,5,31,524901,2988507,NULL,1488429300,1486097700),(1057,522,1,1,'2','2','321','2017-04-14 11:55:00','2017-04-14 15:55:00',NULL,240,NULL,NULL,'B',NULL,NULL,515,5135,NULL,5,31,2988507,524901,NULL,1492160100,1492174500),(1058,523,0,0,'D',NULL,'1602','2017-02-17 06:30:00','2017-02-17 09:15:00',0,105,1,'economy','N',1,'Pieces',5135,1995,5,5,97,524901,499099,'QTEZFB',1487302200,1487308500),(1059,524,1,0,NULL,'1','15','2017-03-05 09:05:00','2017-03-05 10:40:00',0,95,1,'economy','R',NULL,NULL,758,2159,194,194,2,524901,498817,NULL,NULL,NULL),(1060,524,2,0,'1','A','6541','2017-03-05 21:35:00','2017-03-06 05:50:00',0,255,1,'economy','B',NULL,NULL,2159,3621,179,5,1,498817,1496747,NULL,NULL,NULL),(1061,525,0,0,NULL,NULL,NULL,'2017-03-16 00:00:00',NULL,NULL,NULL,NULL,'economy',NULL,NULL,NULL,NULL,1995,NULL,NULL,NULL,524901,499099,NULL,NULL,NULL),(1074,530,1,0,'A','I','414','2017-03-16 13:35:00','2017-03-16 16:45:00',0,190,1,'economy','E',NULL,NULL,5930,8378,214,214,136,524901,745044,NULL,NULL,NULL),(1075,530,2,0,'I','1','1829','2017-03-16 20:15:00','2017-03-16 22:05:00',0,230,1,'economy','E',NULL,NULL,8378,515,214,214,138,745044,2988507,NULL,NULL,NULL),(1083,527,0,0,'A','I','414','2017-03-31 12:05:00','2017-03-31 15:05:00',0,180,1,'economy','W',2,'Pieces',5930,8378,214,214,3,524901,745044,'S65U78',1490951100,1490961900),(1084,527,1,0,'I','1','11','2017-03-31 18:10:00','2017-03-31 22:15:00',0,665,1,'economy','W',2,'Pieces',8378,1488,214,214,20,745044,5128581,'S65U78',1490973000,1490998500),(1085,527,2,1,'1','I','4','2017-04-30 12:25:00','2017-05-01 05:15:00',0,590,1,'economy','V',2,'Pieces',1488,8378,214,214,36,5128581,745044,'S65U78',1493555100,1493604900),(1086,527,3,1,'I','A','413','2017-05-01 07:50:00','2017-05-01 10:35:00',0,165,1,'economy','V',2,'Pieces',8378,5930,214,214,3,745044,524901,'S65U78',1493614200,1493624100),(1087,529,0,0,'A',NULL,'715','2017-03-17 10:30:00','2017-03-17 11:10:00',0,100,1,'economy','U',1,'Pieces',5930,4437,223,223,72,524901,456172,'3MG0GB',1489735800,1489741800),(1088,529,1,0,NULL,'2','693','2017-03-17 16:00:00','2017-03-17 17:55:00',0,175,1,'economy','U',1,'Pieces',4437,515,1120,1120,137,456172,2988507,NULL,1489759200,1489769700),(1089,531,0,0,NULL,NULL,NULL,'2017-03-10 00:00:00',NULL,NULL,NULL,NULL,'economy',NULL,NULL,NULL,NULL,3621,NULL,NULL,NULL,524901,1496747,NULL,NULL,NULL),(1090,532,0,0,NULL,NULL,NULL,'2017-03-23 00:00:00',NULL,NULL,NULL,NULL,'economy',NULL,NULL,NULL,NULL,3621,NULL,NULL,NULL,524901,1496747,NULL,NULL,NULL),(1092,533,0,0,NULL,NULL,NULL,'2017-02-20 00:00:00',NULL,NULL,NULL,NULL,'economy',NULL,NULL,NULL,NULL,3621,NULL,NULL,NULL,524901,1496747,NULL,NULL,NULL),(1093,533,1,1,NULL,NULL,NULL,'2017-02-28 00:00:00',NULL,NULL,NULL,NULL,'economy',NULL,NULL,NULL,3621,NULL,NULL,NULL,NULL,1496747,524901,NULL,NULL,NULL),(1094,528,0,0,NULL,NULL,NULL,'2017-02-08 00:00:00',NULL,NULL,NULL,NULL,'economy',NULL,NULL,NULL,NULL,1995,NULL,NULL,NULL,524901,499099,NULL,NULL,NULL),(1095,534,0,0,'E','1','2412','2017-03-10 14:50:00','2017-03-10 16:25:00',0,215,1,'economy','N',1,'Pieces',5135,3056,5,5,97,524901,3173435,'INJEGU',1489146600,1489159500),(1096,535,0,0,NULL,'D','1217','2017-02-16 06:20:00','2017-02-16 07:00:00',0,100,1,'economy','N',1,'Pieces',1995,5135,5,5,138,499099,524901,'WFSPPF',1487211600,1487217600),(1097,536,0,0,'D',NULL,'1214','2017-03-24 17:55:00','2017-03-24 20:40:00',0,105,1,'economy','T',1,'Pieces',5135,1995,5,5,97,524901,499099,'BWKJOS',1490367300,1490373600),(1098,537,0,0,'A','I','414','2017-04-06 12:05:00','2017-04-06 15:05:00',0,180,1,'economy','V',30,'Kilograms',5930,8378,214,214,3,524901,745044,'R8ESKL',1491469500,1491480300),(1099,537,1,0,'I',NULL,'423','2017-04-06 20:10:00','2017-04-07 06:00:00',0,350,1,'economy','V',30,'Kilograms',8378,3621,214,214,97,745044,1496747,'R8ESKL',1491498600,1491519600),(1100,538,0,0,'D','2','2450','2017-03-17 08:45:00','2017-03-17 10:45:00',0,240,1,'economy','N',1,'Pieces',5135,515,5,5,3,524901,2988507,'BAUAJX',1489729500,1489743900),(1101,538,1,1,'2','D','2451','2017-03-24 12:05:00','2017-03-24 17:45:00',0,220,1,'economy','N',1,'Pieces',515,5135,5,5,3,2988507,524901,'BAUAJX',1490353500,1490366700),(1102,539,0,0,'E','2','1845','2017-04-06 06:10:00','2017-04-06 09:10:00',0,240,1,'economy','V',1,'Pieces',5135,515,20,20,2,524901,2988507,'3HL5NV',1491448200,1491462600),(1103,539,1,1,'2','E','1044','2017-04-13 09:35:00','2017-04-13 14:15:00',0,220,1,'economy','V',1,'Pieces',515,5135,20,20,2,2988507,524901,'3HL5NV',1492068900,1492082100),(1104,540,0,0,NULL,NULL,NULL,'2017-03-15 00:00:00',NULL,NULL,NULL,NULL,'economy',NULL,NULL,NULL,NULL,2159,NULL,NULL,NULL,524901,498817,NULL,NULL,NULL),(1111,542,0,0,NULL,NULL,'973','2017-03-15 05:20:00','2017-03-15 07:30:00',0,190,1,'economy','U',0,'Pieces',758,7719,2,2,1,524901,NULL,'3H6V6H',1489544400,1489555800),(1112,542,1,0,NULL,NULL,'902','2017-03-15 08:15:00','2017-03-15 10:00:00',0,105,1,'economy','U',0,'Pieces',7719,2118,2,2,1,NULL,146400,'3H6V6H',1489558500,1489564800),(1123,543,0,0,NULL,NULL,NULL,'2017-03-09 00:00:00',NULL,NULL,NULL,NULL,'economy',NULL,NULL,NULL,NULL,8335,NULL,NULL,NULL,524901,1880252,NULL,NULL,NULL),(1129,545,1,0,'D','2','2450','2017-03-19 08:45:00','2017-03-19 10:45:00',0,240,1,'economy','L',NULL,NULL,5135,515,5,5,3,524901,2988507,NULL,NULL,NULL),(1131,541,0,0,NULL,NULL,NULL,'2017-02-16 00:00:00',NULL,NULL,NULL,NULL,'economy',NULL,NULL,NULL,NULL,NULL,NULL,NULL,NULL,524901,5128581,NULL,NULL,NULL),(1132,541,1,1,NULL,NULL,NULL,'2017-04-18 00:00:00',NULL,NULL,NULL,NULL,'economy',NULL,NULL,NULL,NULL,NULL,NULL,NULL,NULL,5128581,524901,NULL,NULL,NULL),(1136,547,1,0,'D','4','2578','2017-04-26 10:00:00','2017-04-26 12:05:00',0,245,1,'economy','B',NULL,NULL,5135,2215,5,5,36,524901,2643743,NULL,NULL,NULL),(1137,547,2,0,'3','8','105','2017-04-26 14:30:00','2017-04-26 17:15:00',0,465,1,'economy','Y',NULL,NULL,2215,1488,46,46,52,2643743,5128581,NULL,NULL,NULL),(1138,547,3,0,'8','2','973','2017-04-26 21:50:00','2017-04-27 08:35:00',0,585,1,'economy','Y',NULL,NULL,1488,1006,46,46,52,5128581,3451190,NULL,NULL,NULL),(1139,546,1,0,NULL,NULL,'387','2017-06-30 16:00:00','2017-06-30 19:10:00',0,190,1,'economy','P',NULL,NULL,758,4627,1822,1822,42,524901,745044,NULL,NULL,NULL),(1140,546,2,0,NULL,'S','1133','2017-07-01 08:40:00','2017-07-01 11:45:00',0,245,1,'economy','P',NULL,NULL,4627,3569,1822,1822,1,745044,2988507,NULL,NULL,NULL),(1143,512,0,0,NULL,NULL,NULL,'2017-02-25 00:00:00',NULL,NULL,NULL,NULL,'economy',NULL,NULL,NULL,NULL,7794,NULL,NULL,NULL,524901,NULL,NULL,NULL,NULL),(1144,512,1,1,NULL,NULL,NULL,'2017-03-31 00:00:00',NULL,NULL,NULL,NULL,'economy',NULL,NULL,NULL,7794,NULL,NULL,NULL,NULL,NULL,524901,NULL,NULL,NULL),(1146,548,0,0,NULL,NULL,NULL,'2017-03-18 00:00:00',NULL,NULL,NULL,NULL,'economy',NULL,NULL,NULL,NULL,1227,NULL,NULL,NULL,524901,4699066,NULL,NULL,NULL),(1149,549,1,0,'A',NULL,'437','2017-02-09 00:40:00','2017-02-09 03:15:00',0,95,1,'economy','K',NULL,NULL,5930,1995,223,223,72,524901,499099,NULL,NULL,NULL),(1150,520,0,0,NULL,NULL,NULL,'2017-03-08 00:00:00',NULL,NULL,NULL,NULL,'economy',NULL,NULL,NULL,NULL,3621,NULL,NULL,NULL,524901,1496747,NULL,NULL,NULL),(1151,550,1,0,'D',NULL,'1390','2017-03-30 08:40:00','2017-03-30 10:30:00',0,110,1,'economy','N',NULL,NULL,5135,4677,5,5,115,524901,485239,NULL,NULL,NULL),(1152,550,2,0,NULL,'1','6588','2017-03-31 05:10:00','2017-03-31 07:05:00',0,115,1,'economy','N',NULL,NULL,4677,2159,179,5,2,485239,498817,NULL,NULL,NULL),(1155,551,0,0,NULL,NULL,NULL,'2017-02-09 00:00:00',NULL,NULL,NULL,NULL,'economy',NULL,NULL,NULL,NULL,NULL,NULL,NULL,NULL,524901,5128581,NULL,NULL,NULL),(1156,551,1,1,NULL,NULL,NULL,'2017-03-23 00:00:00',NULL,NULL,NULL,NULL,'economy',NULL,NULL,NULL,NULL,NULL,NULL,NULL,NULL,5128581,524901,NULL,NULL,NULL),(1160,552,1,0,NULL,NULL,'143','2017-02-13 12:20:00','2017-02-13 15:00:00',0,100,1,'economy','I',NULL,NULL,758,1995,1743,1743,72,524901,499099,NULL,NULL,NULL),(1161,553,0,0,NULL,NULL,NULL,'2017-03-16 00:00:00',NULL,NULL,NULL,NULL,'economy',NULL,NULL,NULL,NULL,1995,NULL,NULL,NULL,524901,499099,NULL,NULL,NULL),(1163,554,0,0,NULL,NULL,NULL,'2017-02-16 00:00:00',NULL,NULL,NULL,NULL,'economy',NULL,NULL,NULL,NULL,NULL,NULL,NULL,NULL,524901,5128581,NULL,NULL,NULL),(1164,554,1,1,NULL,NULL,NULL,'2017-03-15 00:00:00',NULL,NULL,NULL,NULL,'economy',NULL,NULL,NULL,NULL,NULL,NULL,NULL,NULL,5128581,524901,NULL,NULL,NULL),(1166,555,0,0,NULL,NULL,NULL,'2017-03-31 00:00:00',NULL,NULL,NULL,NULL,'economy',NULL,NULL,NULL,NULL,NULL,NULL,NULL,NULL,524901,4140963,NULL,NULL,NULL),(1167,555,1,1,NULL,NULL,NULL,'2017-04-09 00:00:00',NULL,NULL,NULL,NULL,'economy',NULL,NULL,NULL,NULL,NULL,NULL,NULL,NULL,4140963,524901,NULL,NULL,NULL),(1168,556,0,0,'1','2','777','2017-04-09 03:25:00','2017-02-07 21:23:00',NULL,-86822,NULL,'economy','R',NULL,NULL,758,2756,105,NULL,2,524901,1282027,NULL,1491672300,1486462980),(1169,556,1,1,'3','1','555','2017-05-31 15:05:00','2017-02-07 21:25:00',NULL,-162400,NULL,'economy','G',NULL,NULL,2756,758,105,NULL,1,1282027,524901,NULL,1496207100,1486463100),(1172,557,0,0,NULL,NULL,NULL,'2017-04-13 00:00:00',NULL,NULL,NULL,NULL,'economy',NULL,NULL,NULL,NULL,2159,NULL,NULL,NULL,524901,498817,NULL,NULL,NULL),(1173,558,0,0,'A','1','6018','2017-03-16 17:40:00','2017-03-16 19:00:00',0,80,1,'economy','E',NULL,NULL,5930,2159,179,5,2,524901,498817,NULL,NULL,NULL),(1177,561,0,0,NULL,NULL,NULL,'2017-03-24 00:00:00',NULL,NULL,NULL,NULL,'economy',NULL,NULL,NULL,NULL,2159,NULL,NULL,NULL,524901,498817,NULL,NULL,NULL),(1178,562,0,0,NULL,NULL,NULL,'2017-03-24 00:00:00',NULL,NULL,NULL,NULL,'economy',NULL,NULL,NULL,NULL,1995,NULL,NULL,NULL,524901,499099,NULL,NULL,NULL),(1179,562,1,1,NULL,NULL,NULL,'2017-03-31 00:00:00',NULL,NULL,NULL,NULL,'economy',NULL,NULL,NULL,1995,NULL,NULL,NULL,NULL,499099,524901,NULL,NULL,NULL),(1180,563,1,0,'F','2','651','2017-03-15 11:50:00','2017-03-15 12:55:00',0,185,1,'economy','V',NULL,NULL,5135,6422,131,131,2,524901,792680,NULL,NULL,NULL),(1181,563,2,0,'2','2','314','2017-03-15 17:10:00','2017-03-15 19:50:00',0,160,1,'economy','V',NULL,NULL,6422,515,131,131,2,792680,2988507,NULL,NULL,NULL),(1182,564,1,0,'D',NULL,'1212','2017-03-25 13:25:00','2017-03-25 16:10:00',0,105,1,'economy','Q',NULL,NULL,5135,1995,5,5,115,524901,499099,NULL,NULL,NULL),(1185,565,0,0,NULL,NULL,NULL,'2017-03-31 00:00:00',NULL,NULL,NULL,NULL,'economy',NULL,NULL,NULL,NULL,53,NULL,NULL,NULL,524901,584243,NULL,NULL,NULL),(1187,569,0,0,NULL,NULL,NULL,'2017-03-31 00:00:00',NULL,NULL,NULL,NULL,'economy',NULL,NULL,NULL,NULL,53,NULL,NULL,NULL,524901,584243,NULL,NULL,NULL),(1188,570,0,0,NULL,NULL,NULL,'2017-04-09 00:00:00',NULL,NULL,NULL,NULL,'economy',NULL,NULL,NULL,NULL,1718,NULL,NULL,NULL,524901,609655,NULL,NULL,NULL),(1189,571,1,0,'D','1','28','2017-03-09 19:25:00','2017-03-09 20:50:00',0,85,1,'economy','E',NULL,NULL,5135,2159,5,5,3,524901,498817,NULL,NULL,NULL),(1190,571,2,0,'1',NULL,'6451','2017-03-09 23:40:00','2017-03-10 04:45:00',0,185,1,'economy','E',NULL,NULL,2159,5429,179,5,2,498817,NULL,NULL,NULL,NULL),(1191,572,0,0,'F','','575','2017-04-09 09:25:00','2017-04-09 12:05:00',NULL,160,NULL,'economy','',NULL,NULL,5135,53,5,NULL,137,524901,584243,NULL,1491697500,1491707100),(1193,573,0,0,'F','','575','2017-04-09 10:30:00','2017-04-09 13:10:00',NULL,160,NULL,'economy','',NULL,NULL,5135,53,5,NULL,133,524901,584243,NULL,1491701400,1491711000),(1194,574,0,0,'F','','575','2017-04-09 11:30:00','2017-04-09 14:10:00',NULL,160,NULL,'economy','',NULL,NULL,5135,53,5,NULL,1,524901,584243,NULL,1491705000,1491714600),(1195,575,0,0,NULL,NULL,NULL,'2017-04-09 00:00:00',NULL,NULL,NULL,NULL,'economy',NULL,NULL,NULL,NULL,53,NULL,NULL,NULL,524901,584243,NULL,NULL,NULL),(1196,576,0,0,'F','','575','2017-04-09 06:30:00','2017-04-09 09:00:00',NULL,150,NULL,'economy','',NULL,NULL,5135,53,5,NULL,1,524901,584243,NULL,1491687000,1491696000),(1199,510,5,1,NULL,NULL,NULL,'2017-02-09 00:34:35',NULL,NULL,NULL,NULL,NULL,NULL,NULL,NULL,NULL,NULL,NULL,NULL,NULL,NULL,NULL,NULL,1486568075,NULL),(1200,510,0,0,NULL,NULL,NULL,'2017-02-09 00:34:42',NULL,NULL,NULL,NULL,NULL,NULL,NULL,NULL,NULL,NULL,NULL,NULL,NULL,NULL,NULL,NULL,1486568082,NULL),(1201,510,1,0,NULL,NULL,NULL,'2017-02-09 01:03:02',NULL,NULL,NULL,NULL,NULL,NULL,NULL,NULL,NULL,NULL,NULL,NULL,NULL,NULL,NULL,NULL,1486569782,NULL),(1202,510,4,0,NULL,NULL,NULL,'2017-02-17 16:40:00',NULL,NULL,NULL,NULL,NULL,NULL,NULL,NULL,NULL,NULL,NULL,NULL,NULL,NULL,NULL,NULL,1487317200,NULL),(1203,580,1,0,'D',NULL,'1216','2017-03-16 22:00:00','2017-03-17 00:45:00',0,105,1,'economy','E',NULL,NULL,5135,1995,5,5,1,524901,499099,NULL,NULL,NULL),(1204,581,1,0,NULL,NULL,'5911','2017-02-22 13:00:00','2017-02-22 14:20:00',0,200,1,'economy','O',NULL,NULL,758,791,194,16,42,524901,2934246,NULL,NULL,NULL),(1205,581,2,0,NULL,'2','8010','2017-02-22 20:50:00','2017-02-22 22:50:00',0,120,1,'economy','O',NULL,NULL,791,166,16,16,1,2934246,2673730,NULL,NULL,NULL),(1206,581,3,1,'2',NULL,'8013','2017-02-25 10:35:00','2017-02-25 12:35:00',0,120,1,'economy','L',NULL,NULL,166,791,16,16,2,2673730,2934246,NULL,NULL,NULL),(1207,581,4,1,NULL,NULL,'5910','2017-02-25 15:10:00','2017-02-25 20:25:00',0,195,1,'economy','L',NULL,NULL,791,758,194,16,42,2934246,524901,NULL,NULL,NULL);
/*!40000 ALTER TABLE `flight_segment` ENABLE KEYS */;
UNLOCK TABLES;
/*!40103 SET TIME_ZONE=@OLD_TIME_ZONE */;

/*!40101 SET SQL_MODE=@OLD_SQL_MODE */;
/*!40014 SET FOREIGN_KEY_CHECKS=@OLD_FOREIGN_KEY_CHECKS */;
/*!40014 SET UNIQUE_CHECKS=@OLD_UNIQUE_CHECKS */;
/*!40101 SET CHARACTER_SET_CLIENT=@OLD_CHARACTER_SET_CLIENT */;
/*!40101 SET CHARACTER_SET_RESULTS=@OLD_CHARACTER_SET_RESULTS */;
/*!40101 SET COLLATION_CONNECTION=@OLD_COLLATION_CONNECTION */;
/*!40111 SET SQL_NOTES=@OLD_SQL_NOTES */;

-- Dump completed on 2017-02-09 17:25:37
